id,struct_id,meddra_name,meddra_code,level,llr,llr_threshold,drug_ae,drug_no_ae,no_drug_ae,no_drug_no_ae
509240,2356,Aplastic anaemia,10002967,PT,15.936,9.609,31,328826,17874,79397657
693816,1859,Citrobacter infection,10051904,PT,58.919,10.399,36,228933,934,79514485
558507,2711,Eosinophil count increased,10014945,PT,27.436,9.511,12,272372,17093,79454911
720364,4491,Hand deformity,10061194,PT,21.389,15.238,3,24107,103916,79616362
707964,4940,Post procedural urine leak,10057587,PT,37.149,21.223,9,27800,145,79716434
509419,1579,Apnoeic attack,10002977,PT,14.065,9.415,10,117793,664,79625921
708898,703,Anticonvulsant drug level decreased,10057857,PT,11.814,9.795,22,259706,1912,79482748
522311,2803,Blood triglycerides increased,10005839,PT,28.751,10.629,118,202961,20922,79520387
612460,5089,Myelodysplastic syndrome,10028533,PT,62.327,18.043,21,315513,30280,79398574
673856,760,Vomiting,10047700,PT,207.108,9.781,1140,234582,664688,78843978
753401,269,Gestational hypertension,10070538,PT,60.806,9.737,44,191045,1835,79551464
656861,2245,Splenomegaly,10041660,PT,31.51,9.652,190,385991,20564,79337643
605582,678,Medication error,10027091,PT,11.251,10.356,17,51872,68625,79623874
677237,4501,Multiple sclerosis relapse,10048393,PT,95.326,16.444,66,10763,46467,79687092
503375,1045,Alanine aminotransferase increased,10001551,PT,20.384,16.459,106,25962,162464,79555856
533029,530,Cholestasis,10008635,PT,31.232,13.04,61,27647,52048,79664632
754617,4512,Acquired cystic kidney disease,10070869,PT,25.732,13.024,7,70932,67,79673382
743661,4182,Treatment failure,10066901,PT,79.993,10.477,213,212193,170273,79361709
746851,2054,Abdominal wall haemorrhage,10067788,PT,16.267,10.069,25,704533,669,79039161
537632,2861,Congenital anomaly,10010356,PT,30.615,16.771,9,23069,377,79720933
696725,4106,Suture insertion,10052665,PT,12.874,11.175,5,33521,338,79710524
660760,1255,Swelling,10042674,PT,19.268,15.339,69,49257,216642,79478420
676416,4287,Mental status changes,10048294,PT,18.77,14.147,39,14371,66920,79663058
689457,1832,Prescribed overdose,10051076,PT,13.006,10.201,12,82525,37871,79623980
575646,2796,Headache,10019211,PT,22.551,20.424,37,11410,653735,79079206
576848,5224,Hepatic cirrhosis,10019641,PT,29.828,25.012,15,153840,34891,79555642
612165,2356,Mydriasis,10028521,PT,32.53,9.609,16,328841,17627,79397904
710341,2245,Troponin increased,10058267,PT,13.375,9.652,48,386133,19207,79339000
691708,2720,Dysentery,10051402,PT,17.62,17.502,15,128700,1187,79614486
682367,2391,Red blood cell sedimentation rate increased,10049187,PT,17.231,13.397,4,50632,45938,79647814
691943,1854,Bronchial ulceration,10051547,PT,25.14,12.101,4,54726,0,79689658
546136,1732,Diarrhoea,10012735,PT,80.194,52.254,10,10315,880479,78853584
687221,480,Subileus,10050396,PT,51.662,12.858,54,127168,5600,79611566
585764,1919,Hypoglycaemia,10020993,PT,26.799,19.398,45,9300,101549,79633494
517805,1569,Blood cholesterol increased,10005425,PT,101.911,9.899,16,146752,83704,79513916
648323,2146,Rhinorrhoea,10039101,PT,17.835,10.464,970,833193,75104,78835121
666356,4293,Torsade de pointes,10044066,PT,36.379,9.922,52,577212,19260,79147864
764986,4379,Infusion site plaque,10076084,PT,30.832,21.748,4,5270,6,79739108
555140,4933,Dystonia,10013983,PT,77.607,13.988,5,363125,21394,79359864
568443,1672,Gastrooesophageal reflux disease,10017885,PT,127.342,10.393,274,66370,103972,79573772
613217,1110,Myocardial infarction,10028596,PT,83.032,41.499,12,53183,184117,79507076
776966,282,Therapeutic product effect incomplete,10082200,PT,13.755,10.126,160,132562,141485,79470181
601361,2475,Liver disorder,10024670,PT,11.989,9.767,316,260435,72101,79411536
522202,4942,Blood thyroid stimulating hormone increased,10005833,PT,174.785,22.427,80,28356,9628,79706324
568187,2255,Gastritis,10017853,PT,24.074,9.832,137,390286,47856,79306109
746001,1982,Type 1 diabetes mellitus,10067584,PT,73.073,11.744,84,179603,6835,79557866
726475,1258,Antibiotic level above therapeutic,10061642,PT,29.944,10.43,36,754567,704,78989081
606421,4133,Meningitis herpes,10027242,PT,13.748,12.045,8,193876,225,79550279
612895,1610,Myocardial infarction,10028596,PT,227.289,9.575,1058,218795,183071,79341464
740926,973,Drug dispensed to wrong patient,10065634,PT,121.58,13.076,30,21785,676,79721897
753187,682,Brown tumour,10070487,PT,27.93,17.434,6,28479,53,79715850
619359,1563,Normal newborn,10029769,PT,13.737,10.112,40,172526,7032,79564790
718072,2356,Blood test abnormal,10061016,PT,10.209,9.609,38,328819,17672,79397859
672017,2396,Ventricular fibrillation,10047290,PT,121.286,23.116,83,19382,31843,79693080
767791,758,Complication associated with device,10077107,PT,12.925,11.094,33,325328,17463,79401564
710788,4213,Lung neoplasm malignant,10058467,PT,29.549,9.739,13,180967,27779,79535629
696645,2478,Fanconi syndrome acquired,10052607,PT,25.456,24.04,10,8793,2684,79732901
725113,2797,Ill-defined disorder,10061520,PT,12.352,10.592,18,58086,65857,79620427
555214,328,Dystonia,10013983,PT,21.007,17.885,13,3826,21386,79719163
563155,1563,Febrile neutropenia,10016288,PT,29.298,10.112,339,172227,230660,79341162
572177,2303,Haematemesis,10018830,PT,21.551,10.065,120,94009,52144,79598115
528831,4298,Cardiogenic shock,10007625,PT,16.125,10.373,185,224566,41729,79477908
700246,1423,Off label use,10053762,PT,63.774,12.297,446,63473,906769,78773700
729065,1539,Psychotic disorder,10061920,PT,240.208,12.933,222,61441,41180,79641545
599444,1393,Laryngitis,10023874,PT,57.497,10.057,104,144737,15935,79583612
762741,2446,Transplant dysfunction,10074860,PT,1899.211,14.688,470,33555,6751,79703612
614969,546,Nasopharyngitis,10028810,PT,23.493,23.073,3,10584,253878,79479923
652011,1563,Serum ferritin increased,10040250,PT,10.709,10.112,46,172520,9801,79562021
509313,4987,Aplastic anaemia,10002967,PT,156.869,11.93,134,77469,17771,79649014
649726,2525,Scleritis,10039705,PT,47.877,13.95,70,300791,4286,79439241
761045,2441,Catheter site dermatitis,10073992,PT,16.502,11.227,7,183214,103,79561064
650164,5157,Sedation,10039897,PT,30.212,12.396,4,67256,51891,79625237
508643,2806,Aortic valve stenosis,10002918,PT,17.79,9.452,35,157170,5259,79581924
660613,4933,Swelling,10042674,PT,1650.093,13.988,3277,359853,213434,79167824
762330,1986,Vein collapse,10074621,PT,15.692,14.01,6,11730,1122,79731530
515848,1395,Benign prostatic hyperplasia,10004446,PT,20.753,10.993,19,427961,11593,79304815
753490,972,Product used for unknown indication,10070592,PT,23.188,9.928,25,223346,1519,79519498
692523,1264,Congenital multiplex arthrogryposis,10051643,PT,20.77,9.732,7,448819,17,79295545
719105,197,Escherichia infection,10061126,PT,43.901,14.134,54,47558,17963,79678813
534663,1709,Coagulopathy,10009802,PT,83.285,14.061,133,74557,35873,79633825
513375,105,Ataxia,10003591,PT,35.139,10.042,67,511978,24972,79207371
561936,708,Fall,10016173,PT,199.516,9.91,2828,307431,484801,78949328
669176,865,Upper respiratory tract infection,10046306,PT,14.071,9.92,239,288933,90929,79364287
778514,1540,SJS-TEN overlap,10083164,PT,50.101,10.6,26,154829,733,79588800
514048,4461,Atrial tachycardia,10003668,PT,17.98,9.753,13,535995,7120,79201260
683907,2152,Lymphangioleiomyomatosis,10049459,PT,32.315,11.125,10,67967,163,79676248
602684,1527,Lower respiratory tract infection,10024968,PT,16.007,12.325,4,17113,129216,79598055
763334,2113,Multiple drug therapy,10074950,PT,28.355,27.357,10,4311,4068,79735999
604440,2255,Malaise,10025482,PT,147.772,9.832,3285,387138,486584,78867381
505912,1353,Anaphylactic reaction,10002198,PT,20.98,13.641,33,81197,83710,79579448
746398,1385,Vulvovaginal burning sensation,10067641,PT,18.38,9.745,26,292138,1591,79450633
622226,1584,Orthostatic hypotension,10031127,PT,20.306,14.955,6,52887,56158,79635337
668783,1110,Unintended pregnancy,10045542,PT,5775.132,41.499,1136,52059,2797,79688396
651059,5682,Sepsis,10040047,PT,104.999,9.344,1178,220435,268250,79254525
768117,1353,Rapid eye movement sleep behaviour disorder,10077299,PT,40.759,13.641,16,81214,450,79662708
633453,2726,Pneumonia lipoid,10035720,PT,15.006,11.318,5,43707,165,79700511
678428,460,Pituitary enlargement,10048675,PT,30.835,15.559,6,11749,82,79732551
711511,2445,Myoglobinaemia,10058735,PT,9.858,9.72,7,404886,130,79339365
687772,4195,Lupus-like syndrome,10050551,PT,26.779,10.018,182,576814,13675,79153717
562255,1076,Fall,10016173,PT,89.669,16.698,196,72854,487433,79183905
661513,824,Synovitis,10042868,PT,489.118,10.091,168,500859,150566,79092795
731237,1229,Renal impairment,10062237,PT,23.148,14.463,73,14687,157710,79571918
607406,1615,Metastases to liver,10027457,PT,19.233,16.035,32,23605,28282,79692469
699928,1819,Iris transillumination defect,10053677,PT,68.26,27.255,11,4094,148,79740135
641915,734,Rash,10037844,PT,382.984,52.377,1429,84594,576929,79081436
596794,1768,Jaundice cholestatic,10023129,PT,16.792,9.436,10,288805,11274,79444299
764174,2247,Persistent corneal epithelial defect,10075399,PT,39.985,13.906,7,10958,55,79733368
605815,4113,Melaena,10027141,PT,29.481,16.089,37,9824,60853,79673674
653636,2825,Skin discolouration,10040829,PT,34.044,13.077,16,145120,41018,79558234
501368,661,Acute respiratory distress syndrome,10001052,PT,71.743,30.389,43,5793,44024,79694528
762651,136,Faeces soft,10074859,PT,11.696,9.57,8,290938,8315,79445127
561133,2247,Eye pain,10015958,PT,263.194,13.906,120,10845,37458,79695965
532720,2044,Cholecystitis chronic,10008617,PT,13.465,12.579,3,181207,9903,79553275
769331,4969,Total complement activity increased,10077884,PT,37.86,16.115,5,15099,0,79729284
711340,4199,Sopor,10058709,PT,16.902,9.55,47,238701,32963,79472677
660498,1358,Swelling,10042674,PT,51.619,10.777,117,96843,216594,79430834
497733,4304,Abdominal discomfort,10000059,PT,27.55,15.542,207,37280,250520,79456381
765742,1395,Product use issue,10076309,PT,480.344,10.993,2314,425666,207508,79108900
632695,1803,Pneumonia,10035664,PT,20.882,14.77,237,18034,660009,79066108
637562,5682,Pruritus,10037087,PT,16.408,9.344,913,220700,393735,79129040
752954,2392,Device kink,10070305,PT,24.969,15.585,12,24330,1883,79718163
536060,256,Completed suicide,10010144,PT,47.808,16.168,166,22485,245601,79476136
757357,1073,Drug-induced liver injury,10072268,PT,676.049,17.128,346,22807,65771,79655464
536960,2797,Condition aggravated,10010264,PT,11.96,10.592,276,57828,500848,79185436
635384,2255,Pre-existing condition improved,10036495,PT,260.634,9.832,217,390206,5346,79348619
614170,1232,Nasal congestion,10028735,PT,15.7,11.116,55,112026,76497,79555810
646694,1768,Retinal scar,10038895,PT,10.193,9.436,10,288805,418,79455155
499354,254,Abortion spontaneous,10000234,PT,856.658,18.059,308,19262,29199,79695619
766469,4566,Product use in unapproved indication,10076476,PT,84.893,19.585,9,37196,250350,79456833
527089,2717,Cardiac arrest,10007515,PT,29.644,10.15,460,145111,171636,79427181
532277,5161,Chills,10008531,PT,21.204,14.935,65,12683,160169,79571471
696499,1919,Postictal paralysis,10052469,PT,49.655,19.398,11,9334,369,79734674
512415,2585,Asphyxia,10003497,PT,11.694,10.193,29,68681,11691,79663987
532954,1909,Cholestasis,10008635,PT,97.75,19.916,71,11143,52038,79681136
715325,4006,Gastric pH increased,10060040,PT,53.866,53.603,6,380,52,79743950
509172,4904,Aplasia pure red cell,10002965,PT,42.332,10.902,3,551376,7807,79185202
500683,4901,Acute myeloid leukaemia,10000880,PT,17.136,9.267,50,267226,30835,79446277
570309,380,Glomerular filtration rate decreased,10018358,PT,112.974,10.079,282,346086,22420,79375600
596352,3017,Irritable bowel syndrome,10023003,PT,23.768,9.827,35,119032,62206,79563115
576170,1615,Heart rate increased,10019303,PT,23.04,16.035,4,23633,120720,79600031
654617,2722,Skin warm,10040952,PT,21.892,16.463,12,9116,6620,79728640
729035,5089,Psychotic disorder,10061920,PT,120.49,18.043,12,315522,41390,79387464
544133,5158,Dermatitis,10012431,PT,20.927,14.268,40,43648,21281,79679419
694066,845,Lip erosion,10051992,PT,15.032,9.794,18,178221,1542,79564607
746352,112,Oral disorder,10067621,PT,251.05,10.431,254,322492,9841,79411801
755961,4298,Maternal exposure during pregnancy,10071408,PT,237.155,10.373,48,224703,136490,79383147
778987,26,Immune thrombocytopenia,10083842,PT,48.562,12.598,107,154550,17698,79572033
550605,4934,Drug ineffective,10013709,PT,806.476,14.908,4123,148261,1076790,78515214
619252,1587,Nodal rhythm,10029470,PT,12.455,9.699,37,364033,3098,79377220
710273,4380,Hypertensive emergency,10058179,PT,17.02,14.441,10,20636,2775,79720967
512509,746,Asphyxia,10003497,PT,243.592,39.56,84,11769,11636,79720899
742747,2146,Toxic anterior segment syndrome,10066366,PT,120.965,10.464,147,834016,2617,78907608
540437,1005,Cutaneous vasculitis,10011686,PT,10.439,9.551,30,110077,8222,79626059
720711,375,Inflammation,10061218,PT,17.883,12.6,10,35959,93743,79614676
774357,2054,Product administered at inappropriate site,10080753,PT,15.218,10.069,8,704550,3957,79035873
558041,4933,Enteritis,10014866,PT,16.986,13.988,25,363105,14558,79366700
544759,437,Device breakage,10012575,PT,24.214,12.554,25,30735,10650,79702978
716615,4795,Joint injury,10060820,PT,124.851,20.993,49,3672,31286,79709381
535872,1728,Coma,10010071,PT,582.109,12.528,537,60813,100112,79582926
609848,2337,Mucosal inflammation,10028116,PT,177.927,10.672,43,321838,75537,79346970
734672,786,Acute lymphocytic leukaemia recurrent,10063620,PT,107.618,20.909,44,24447,4680,79715217
564885,2720,Flatulence,10016766,PT,31.747,17.502,145,128570,42579,79573094
576081,916,Heart rate increased,10019303,PT,272.447,10.183,2083,785065,118641,78838599
639447,74,Pulmonary haemorrhage,10037394,PT,18.916,11.654,360,1384412,14357,78345259
611558,2389,Musculoskeletal pain,10028391,PT,70.747,11.306,66,167021,102288,79475013
535258,841,Colitis ischaemic,10009895,PT,19.404,17.218,15,8790,15344,79720239
657104,4213,Sputum increased,10041812,PT,12.053,9.739,30,180950,4583,79558825
747457,1725,Temperature perception test abnormal,10068013,PT,22.568,10.186,8,571626,17,79172737
620781,3312,Oesophageal haemorrhage,10030172,PT,19.945,16.632,9,16983,1758,79725638
530428,105,Cerebellar syndrome,10008072,PT,13.917,10.042,9,512036,5471,79226872
538255,242,Conversion disorder,10010893,PT,30.442,11.827,25,131887,1836,79610640
659928,210,Suicide attempt,10042464,PT,13.261,11.708,14,41278,82918,79620178
629024,2255,Perfume sensitivity,10034434,PT,12.061,9.832,18,390405,861,79353104
580202,2055,Hip fracture,10020100,PT,20.293,10.551,55,52325,30706,79661302
505738,4933,Anal fissure,10002153,PT,16.797,13.988,7,363123,7696,79373562
697873,865,Acquired porphyria,10053147,PT,19.947,9.92,7,289165,35,79455181
630643,4399,Petechiae,10034754,PT,193.88,16.476,93,17258,20472,79706565
776684,659,Dysbiosis,10082129,PT,123.11,9.479,60,194967,1159,79548202
704925,328,Lymph node calcification,10056284,PT,71.256,17.885,13,3826,402,79740147
653665,2276,Skin discolouration,10040829,PT,55.169,40.167,41,8468,40993,79694886
655107,2436,"Sleep disorder due to general medical condition, insomnia type",10040986,PT,138.266,9.633,4,287260,43552,79413572
720318,1528,Hand deformity,10061194,PT,22.409,12.445,6,30484,103913,79609985
536434,4215,Completed suicide,10010144,PT,8999.979,16.07,3985,49684,241782,79448937
738494,2726,Procedural pain,10064882,PT,78.393,11.318,79,43633,23005,79677671
774907,3094,Incorrect route of product administration,10081202,PT,128.804,25.936,115,36102,34814,79673357
667383,105,Transplant rejection,10044439,PT,71.963,10.042,18,512027,19419,79212924
757738,4207,Antipsychotic drug level decreased,10072426,PT,34.879,13.202,19,77304,1205,79665860
658093,4240,Stomatitis,10042128,PT,113.927,9.719,1417,499856,145340,79097775
567144,5140,Gait disturbance,10017577,PT,236.95,14.694,315,25832,207191,79511050
756918,4809,Dialysis related complication,10071946,PT,27.313,15.221,13,179799,259,79564317
751421,2233,Vaccination site bruising,10069484,PT,21.922,11.57,4,44518,7,79699859
518640,2543,Blood creatinine increased,10005483,PT,28.529,11.706,25,43020,155032,79546311
522598,2677,Blood uric acid increased,10005861,PT,13.993,10.88,6,176432,13354,79554596
524886,2525,Bronchitis,10006451,PT,16.238,13.95,372,300489,130272,79313255
574163,522,Haemorrhagic cerebral infarction,10019005,PT,12.886,10.04,16,173410,1463,79569499
602112,1579,Loss of consciousness,10024855,PT,45.69,9.415,413,117390,167530,79459055
508359,438,Anxiety,10002855,PT,75.529,25.289,8,33333,248504,79462543
680423,1952,Peripheral swelling,10048959,PT,22.102,10.374,285,121637,269332,79353134
779698,1765,Product administered by wrong person,10084371,PT,44.986,21.285,8,36912,15,79707453
644739,5224,Respiration abnormal,10038647,PT,32.704,25.012,56,153799,7732,79582801
636550,4923,Productive cough,10036790,PT,16.86,13.196,80,129652,88251,79526405
655021,2441,"Sleep disorder due to general medical condition, insomnia type",10040986,PT,80.117,11.227,5,183216,43551,79517616
780052,2239,Product dose omission issue,10084406,PT,33.392,9.889,379,77439,247158,79419412
580213,4528,Hip fracture,10020100,PT,15.166,10.322,57,64390,30704,79649237
759381,4924,Accidental exposure to product,10073317,PT,22.721,13.521,3,83760,31319,79629306
562938,2585,Fear,10016275,PT,15.577,10.193,48,68662,21938,79653740
603633,4198,Lymphocyte count decreased,10025256,PT,24.715,9.862,164,151018,47125,79546081
702914,183,Helicobacter gastritis,10054272,PT,15.915,10.056,51,668946,2398,79072993
766179,2356,Product use in unapproved indication,10076476,PT,99.105,9.609,615,328242,249744,79165787
565646,1710,Folliculitis,10016936,PT,12.495,10.695,36,107712,55344,79581296
719754,3317,Pelvic fracture,10061161,PT,52.681,13.292,147,358640,12057,79373544
734840,2240,Antipsychotic drug level increased,10063686,PT,38.354,29.654,15,5891,5942,79732540
594637,4904,International normalised ratio increased,10022595,PT,436.023,10.902,41,551338,84680,79108329
730314,4287,Respiratory tract infection viral,10062106,PT,27.389,14.147,14,14396,4245,79725733
517081,4219,Blood albumin decreased,10005287,PT,28.649,15.224,23,9011,24220,79711134
730778,1046,Metabolic encephalopathy,10062190,PT,23.24,20.341,15,11117,9132,79724124
777266,157,Therapeutic product effect decreased,10082201,PT,45.868,16.652,3,28069,163860,79552456
699575,2245,Arthritis bacterial,10053555,PT,98.685,9.652,167,386014,8999,79349208
632745,2846,Pneumonia,10035664,PT,87.29,13.694,812,58687,659434,79025455
528137,4966,Cardiac failure congestive,10007559,PT,105.026,14.975,64,144501,142338,79457485
674808,4802,Weight increased,10047899,PT,31.087,16.518,30,27528,277356,79439474
764416,901,Lipaemic index score,10075563,PT,18.863,13.717,6,54314,136,79689932
580211,2358,Hip fracture,10020100,PT,28.021,10.223,53,330642,30708,79382985
725669,2847,Immunodeficiency,10061598,PT,43.175,9.929,17,322894,21751,79399726
664767,4909,Thrombocytopenia,10043554,PT,24.436,13.522,302,58742,264957,79420387
600361,5368,Leukopenia,10024384,PT,53.395,19.173,11,59608,116502,79568267
532968,941,Cholestasis,10008635,PT,32.222,9.515,25,136070,52084,79556209
524192,4979,Breast cancer,10006187,PT,26.473,13.91,95,95575,33686,79615032
660416,1767,Swelling,10042674,PT,63.11,11.426,47,62719,216664,79464958
618039,1552,Neutropenia,10029354,PT,475.611,13.769,363,360139,287347,79096539
628674,4072,Pemphigoid,10034277,PT,34.612,10.087,46,663859,15269,79065214
725275,865,Intervertebral disc disorder,10061521,PT,12.275,9.92,42,289130,4783,79450433
687621,489,Ejection fraction decreased,10050528,PT,19.805,10.353,14,120448,34563,79589363
528749,5061,Cardio-respiratory arrest,10007617,PT,33.665,24.386,8,42176,108502,79593702
612750,4251,Myelosuppression,10028584,PT,12.907,11.005,12,77299,40284,79626793
655393,1393,Small intestinal obstruction,10041101,PT,38.423,10.057,123,144718,27149,79572398
611004,4855,Muscle spasms,10028334,PT,25.814,10.903,226,61186,174504,79508472
748631,2755,Microvillous inclusion disease,10068494,PT,21.746,10.313,8,70559,217,79673604
557962,1611,Endophthalmitis,10014801,PT,45.343,20.888,15,3385,6413,79734575
582546,1255,Hypermetabolism,10020674,PT,31.597,15.339,11,49315,367,79694695
509789,1563,Apraxia,10003062,PT,30.045,10.112,34,172532,2833,79568989
577591,901,Hepatic function abnormal,10019670,PT,22.202,13.717,11,54309,73096,79616972
575000,845,"Hallucination, visual",10019075,PT,10.936,9.794,37,178202,32692,79533457
703092,3911,Skin burning sensation,10054786,PT,56.513,37.495,19,2177,13253,79728939
706248,726,Gastric disorder,10056819,PT,73.738,11.541,111,56893,37322,79650062
581266,112,Hypercalcaemia,10020583,PT,125.058,10.431,391,322355,38039,79383603
706582,4924,Colitis microscopic,10056979,PT,23.117,13.521,41,83722,10727,79649898
728870,1816,Psychotic disorder,10061920,PT,174.177,9.839,308,163051,41094,79539935
779653,4213,SARS-CoV-2 test negative,10084273,PT,18.49,9.739,19,180961,1352,79562056
687321,2044,Anastomotic leak,10050456,PT,35.798,12.579,25,181185,1040,79562138
627821,52,Paresis,10033985,PT,12.116,11.207,28,1172973,4233,78567154
679067,2044,Poor venous access,10048737,PT,17.076,12.579,10,181200,18139,79545039
526636,4514,Calcinosis,10006938,PT,25.54,13.712,16,43598,2349,79698425
744591,1028,Liver injury,10067125,PT,51.451,9.418,24,158446,56590,79529328
751033,2977,Acute kidney injury,10069339,PT,38.434,22.717,225,17909,519179,79207075
713598,4933,Metastases to central nervous system,10059282,PT,58.872,13.988,4,363126,16371,79364887
657260,4983,Squamous cell carcinoma of skin,10041834,PT,26.997,21.955,24,18669,14009,79711686
702886,2245,Injection site discomfort,10054266,PT,15.655,9.652,3,386178,5163,79353044
776910,5077,Therapeutic product effect incomplete,10082200,PT,106.336,19.679,12,83538,141633,79519205
534537,192,Coagulation factor decreased,10009736,PT,10.425,9.63,6,145609,222,79598551
538107,276,Constipation,10010774,PT,30.299,9.695,348,144402,282702,79316936
576684,183,Henoch-Schonlein purpura,10019617,PT,10.606,10.056,48,668949,2662,79072729
579344,939,Hernia,10019909,PT,15.269,13.369,3,114885,17056,79612444
619290,1786,Non-cardiogenic pulmonary oedema,10029538,PT,18.806,9.917,33,480165,1466,79262724
773746,4133,Product dispensing error,10080359,PT,22.124,12.045,3,193881,13260,79537244
594322,623,Intentional self-injury,10022524,PT,33.979,32.887,18,2607,32401,79709362
548058,682,Disturbance in attention,10013496,PT,78.861,17.434,94,28391,50707,79665196
684162,99,Serum serotonin increased,10049529,PT,36.187,26.898,7,3543,323,79740515
713553,4937,Metastases to central nervous system,10059282,PT,156.871,27.477,51,4264,16324,79723749
689233,2755,Deep vein thrombosis,10051055,PT,29.69,10.313,196,70371,120723,79553098
704953,4659,Fluid intake reduced,10056291,PT,35.458,12.061,37,78194,6251,79659906
723520,5218,White blood cell disorder,10061414,PT,21.619,18.664,13,24411,3179,79716785
582664,2552,Hyperoxaluria,10020703,PT,22.464,10.457,14,276859,309,79467206
622013,1786,Orthopnoea,10031123,PT,41.164,9.917,144,480054,9929,79254261
668756,3909,Umbilical hernia,10045458,PT,10.819,10.152,15,45762,5830,79692781
758124,2708,Suspected transmission of an infectious agent via product,10072754,PT,16.035,11.339,14,125916,1172,79617286
729235,2717,Pulmonary toxicity,10061924,PT,12.48,10.15,4,145567,12910,79585907
612776,1883,Myelosuppression,10028584,PT,72.101,10.082,22,264750,40274,79439342
570864,5267,Glossodynia,10018388,PT,16.522,15.413,3,20050,103334,79621001
597779,4184,Joint swelling,10023232,PT,32.769,14.542,45,33905,288601,79421837
541637,354,Death,10011906,PT,38.931,17.057,25,13749,566489,79164125
677804,4978,Musculoskeletal disorder,10048592,PT,1085.315,13.865,1331,981585,20117,78741355
699065,1547,Secretion discharge,10053459,PT,13.358,9.317,22,296476,15000,79432890
578791,1523,Hepatocellular injury,10019837,PT,52.966,18.938,64,20929,47529,79675866
768306,559,Multiple organ dysfunction syndrome,10077361,PT,161.986,17.006,168,18343,120078,79605799
504442,1751,Altered state of consciousness,10001854,PT,132.597,11.343,226,1029811,43596,78670755
712208,824,Salmonella sepsis,10058878,PT,23.481,10.091,20,501007,392,79242969
586102,1055,Hypokalaemia,10021015,PT,58.2,9.268,843,313361,143197,79286987
716656,74,Ischaemic cerebral infarction,10060840,PT,15.615,11.654,86,1384686,2449,78357167
761882,2441,Catheter management,10074414,PT,509.77,11.227,221,183000,3442,79557725
557418,489,Encephalocele,10014617,PT,16.138,10.353,5,120457,44,79623882
767515,2803,Personal relationship issue,10076937,PT,20.282,10.629,10,203069,190,79541119
768745,4995,End stage renal disease,10077512,PT,20.817,10.819,35,60360,12185,79671808
713680,5223,Anogenital warts,10059313,PT,19.189,16.602,9,35085,925,79708369
719927,4904,Genital haemorrhage,10061178,PT,15.865,10.902,12,551367,6243,79186766
713605,2813,Metastases to central nervous system,10059282,PT,13.273,9.944,15,217303,16360,79510710
761764,4157,Diabetic metabolic decompensation,10074309,PT,22.374,13.877,15,32528,3317,79708528
667777,333,Tremor,10044565,PT,108.193,19.389,146,14838,169937,79559467
780583,5162,SARS-CoV-2 sepsis,10084639,PT,24.942,19.577,5,7368,131,79736884
514891,256,Back pain,10003988,PT,17.239,16.168,38,22613,304142,79417595
619698,4966,Obesity,10029883,PT,46.595,14.975,155,144410,34970,79564853
698789,4986,Application site swelling,10053424,PT,74.492,17.702,30,100706,723,79642929
676058,1552,Wound infection,10048038,PT,61.513,13.769,243,360259,23748,79360138
767714,4659,Product impurity,10077041,PT,14.904,12.061,5,78226,92,79666065
520525,2054,Blood pressure decreased,10005734,PT,10.108,10.069,749,703809,98717,78941113
610280,751,Multiple sclerosis,10028245,PT,22.258,11.069,67,93377,22215,79628729
726392,4967,Allergy to chemicals,10061626,PT,27.892,21.944,35,217900,2567,79523886
651371,4182,Septic shock,10040070,PT,15.078,10.477,233,212173,122568,79409414
500532,2797,Acute lymphocytic leukaemia,10000846,PT,12.914,10.592,17,58087,4952,79681332
675835,2387,Withdrawal syndrome,10048010,PT,26.368,11.165,3,109546,26851,79607988
724865,5139,Reproductive tract disorder,10061483,PT,16.01,11.566,5,106296,52,79638035
683038,480,Onychomadesis,10049274,PT,19.307,12.858,32,127190,5210,79611956
560026,1710,Erythema nodosum,10015226,PT,72.431,10.695,59,107689,5258,79631382
601466,2073,Liver disorder,10024670,PT,16.167,15.539,80,43214,72337,79628757
631303,758,Plasma cell leukaemia,10035222,PT,82.351,11.094,64,325297,1722,79417305
693060,4855,Postmenopause,10051775,PT,12.049,10.903,3,61409,23,79682953
511570,242,Arthropathy,10003285,PT,199.5,11.827,28,131884,177083,79435393
680239,659,Lymphadenectomy,10048956,PT,15.125,9.479,17,195010,1242,79548119
542885,2358,Delusion of grandeur,10012241,PT,15.458,10.223,24,330671,1408,79412285
770217,2001,Neuropsychiatric symptoms,10078497,PT,20.074,14.414,10,29334,1405,79713639
720736,1171,Libido disorder,10061221,PT,29.739,10.658,10,54576,270,79689532
691559,4855,Malignant neoplasm progression,10051398,PT,51.673,10.903,20,61392,135970,79547006
704185,1745,Thyroxine free increased,10055163,PT,25.689,13.202,9,12608,1223,79730548
672258,2464,Ventricular tachycardia,10047302,PT,202.329,13.103,136,23465,41799,79678988
500624,25,Acute myeloid leukaemia,10000880,PT,1094.335,18.566,445,37106,30440,79676397
729026,4966,Psychotic disorder,10061920,PT,16.651,14.975,31,144534,41371,79558452
580122,722,Hip arthroplasty,10020096,PT,49.994,15.926,9,174997,35747,79533635
641569,2436,Rapid eye movements sleep abnormal,10037841,PT,21.284,9.633,13,287251,266,79456858
645012,2358,Respiratory arrest,10038669,PT,55.262,10.223,96,330599,57454,79356239
547927,4392,Disturbance in attention,10013496,PT,20.098,12.739,31,126767,50770,79566820
582016,4806,Hyperhidrosis,10020642,PT,50.62,17.833,107,17597,151385,79575299
686235,380,Left ventricular dilatation,10050043,PT,19.499,10.079,24,346344,1077,79396943
500015,4901,Acne,10000496,PT,19.898,9.267,38,267238,27152,79449960
646766,2373,Retinal vein thrombosis,10038908,PT,11.56,11.525,9,119590,676,79624113
675778,4199,Withdrawal syndrome,10048010,PT,10.492,9.55,43,238705,26811,79478829
560993,4916,Eye infection staphylococcal,10015937,PT,25.534,24.606,6,13787,176,79730419
615706,1423,Neoplasm,10028980,PT,19.682,12.297,30,63889,9086,79671383
602099,4965,Loss of consciousness,10024855,PT,64.399,11.315,234,214728,167709,79361717
689321,760,Gastrointestinal stromal tumour,10051066,PT,14.896,9.781,22,235700,1741,79506925
513937,703,Atrial flutter,10003662,PT,20.598,9.795,24,259704,21601,79463059
637600,3487,Pruritus,10037087,PT,19.865,16.448,89,8416,394559,79341324
580339,4819,HIV infection,10020161,PT,47.396,34.003,11,3865,1116,79739396
587244,5205,Hypophosphataemia,10021058,PT,24.888,15.344,18,7360,19895,79717115
652033,4978,Serum ferritin increased,10040250,PT,56.877,13.865,25,982891,9822,78751650
588918,1129,Ileus,10021328,PT,15.748,9.276,110,185912,26101,79532265
687995,4072,Contusion,10050584,PT,148.462,10.087,1892,662013,146884,78933599
560816,5002,Eye discharge,10015915,PT,18.854,10.036,26,76454,6008,79661900
586353,4167,Hypokalaemia,10021015,PT,57.095,13.465,39,81924,144001,79518424
711415,960,Sopor,10058709,PT,48.11,12.33,6,166027,33004,79545351
715111,2827,Drug resistance,10059866,PT,28.643,20.81,39,16178,42174,79685997
594070,2994,Intentional overdose,10022523,PT,169.014,19.006,114,7791,105846,79630637
534801,4239,Coeliac disease,10009839,PT,14.894,11.335,107,1220805,11244,78512232
591266,4965,Injection site erythema,10022061,PT,31.266,11.315,107,214855,78090,79451336
663668,1770,Thalassaemia minor,10043393,PT,19.644,17.671,4,24070,32,79720282
691843,1768,Nitrite urine present,10051469,PT,32.113,9.436,30,288785,1179,79454394
778305,269,Steroid dependence,10082986,PT,17.15,9.737,26,191063,2604,79550695
507319,192,Anhedonia,10002511,PT,12.369,9.63,57,145558,14841,79583932
691921,2552,Viral diarrhoea,10051511,PT,22.463,10.457,15,276858,374,79467141
523977,4879,Brain compression,10006112,PT,18.892,9.898,13,166683,575,79577117
604762,4978,Malignant melanoma,10025650,PT,53.509,13.865,338,982578,14403,78747069
731449,4337,Renal impairment,10062237,PT,47.996,18.799,95,113475,157688,79473130
587199,1599,Hypophosphataemia,10021058,PT,33.302,10.321,87,125145,19826,79599330
626227,2478,Pancreatitis,10033645,PT,48.319,24.04,48,8755,68527,79667058
546449,4182,Diffuse vasculitis,10012978,PT,17.767,10.477,8,212398,117,79531865
640644,1433,Pyelonephritis acute,10037597,PT,12.003,11.937,15,40172,6008,79698193
686919,183,Lung hernia,10050292,PT,13.588,10.056,8,668989,61,79075330
532698,4298,Cholecystitis chronic,10008617,PT,16.148,10.373,4,224747,9902,79509735
517476,1587,Blood calcium decreased,10005395,PT,10.355,9.699,94,363976,31725,79348593
768897,1710,Anal incontinence,10077605,PT,16.422,10.695,58,107690,18110,79618530
705990,1232,Mucocutaneous rash,10056671,PT,20.408,11.116,6,112075,47,79632260
779862,2255,Wrong patient,10084399,PT,37.378,9.832,23,390400,345,79353620
720929,5089,Limb operation,10061226,PT,41.331,18.043,59,315475,3367,79425487
743845,1887,Treatment failure,10066901,PT,57.18,10.597,18,50135,170468,79523767
629632,1971,Pericarditis,10034484,PT,32.147,13.348,4,35097,104232,79605055
698156,668,"Delusional disorder, persecutory type",10053195,PT,11.703,10.908,7,81830,501,79662050
738756,4855,Bronchial disorder,10064913,PT,26.501,10.903,19,61393,2470,79680506
622658,4879,Osteoma,10031249,PT,20.213,9.898,8,166688,108,79577584
638299,427,Psoriatic arthropathy,10037162,PT,19.665,12.512,9,43601,77990,79622788
713620,269,Metastases to central nervous system,10059282,PT,15.57,9.737,10,191079,16365,79536934
729568,2459,Hepatic lesion,10061998,PT,48.627,16.843,37,46777,6922,79690652
545122,4210,Diabetes mellitus,10012601,PT,44.824,15.175,43,140241,78347,79525757
665192,2677,Thrombotic microangiopathy,10043645,PT,24.662,10.88,7,176431,20162,79547788
572271,824,Haematochezia,10018836,PT,54.343,10.091,325,500702,87320,79156041
689038,581,Hyper IgE syndrome,10051040,PT,33.237,10.081,23,306420,548,79437397
766335,1299,Product use in unapproved indication,10076476,PT,25.23,11.544,109,63821,250250,79430208
627204,210,Papilloedema,10033712,PT,23.457,11.708,22,41270,6211,79696885
702648,1232,Helicobacter infection,10054263,PT,65.183,11.116,10,112071,69694,79562613
515238,1187,Bacteraemia,10003997,PT,88.832,9.773,186,140692,32638,79570872
520192,1859,Blood potassium decreased,10005724,PT,70.12,10.399,23,228946,46489,79468930
749869,2838,Kounis syndrome,10069167,PT,11.74,9.73,6,497159,4276,79242947
653905,4337,Skin exfoliation,10040844,PT,24.888,18.799,25,113545,55075,79575743
708619,4904,Acquired claw toe,10057689,PT,17.132,10.902,10,551369,93,79192916
702614,2553,Helicobacter infection,10054263,PT,85.402,12.251,7,127842,69697,79546842
716045,4392,Hepatic enzyme increased,10060795,PT,106.123,12.739,81,126717,182529,79435061
594211,2873,Intentional self-injury,10022524,PT,363.13,10.454,359,137943,32060,79574026
607624,2048,Metastases to lung,10027458,PT,23.84,16.963,23,15324,18140,79710901
504980,2448,Amylase increased,10002016,PT,54.306,10.317,67,95160,11142,79638019
568345,4205,Gastrooesophageal reflux disease,10017885,PT,17.369,9.644,843,521899,103403,79118243
647790,4184,Rheumatoid arthritis,10039073,PT,30.889,14.542,26,33924,208444,79501994
618737,4205,Night sweats,10029410,PT,12.318,9.644,254,522488,51841,79169805
698079,2977,Epidermolysis,10053177,PT,24.619,22.717,9,18125,959,79725295
657464,489,Status epilepticus,10041962,PT,572.323,10.353,396,120066,24645,79599281
523872,1606,Bradypnoea,10006102,PT,18.874,9.532,66,366177,5986,79372159
579322,1413,Hernia,10019909,PT,51.12,19.556,25,5836,17034,79721493
677179,663,Multiple sclerosis relapse,10048393,PT,16.732,9.723,211,235864,46322,79461991
645691,4809,Respiratory failure,10038695,PT,168.003,15.221,830,178982,180081,79384495
605086,3521,Marasmus,10026820,PT,49.511,20.292,14,11752,1014,79731608
589381,4304,Impaired healing,10021519,PT,25.678,15.542,5,37482,87650,79619251
539014,1189,Coronary artery disease,10011078,PT,35.105,17.721,11,80075,65463,79598839
507579,1231,Ankylosing spondylitis,10002556,PT,33.214,9.708,176,579979,12029,79152204
680583,4934,Peripheral swelling,10048959,PT,147.739,14.908,951,151433,268666,79323338
550333,2561,Drug ineffective,10013709,PT,32.525,12.458,272,31191,1080641,78632284
690945,4978,Exercise tolerance decreased,10051301,PT,43.676,13.865,29,982887,9042,78752430
675051,144,Wheezing,10047924,PT,14.72,13.396,11,27241,116653,79600483
651960,4168,Serotonin syndrome,10040108,PT,102.891,21.41,77,14642,44950,79684719
778486,4958,Immune-mediated dermatitis,10083156,PT,475.798,17.892,106,59412,484,79684386
718443,1055,Cerebellar haematoma,10061038,PT,16.169,9.268,16,314188,620,79429564
689881,3035,Therapy non-responder,10051082,PT,91.751,55.704,43,1671,92262,79650412
612795,4213,Myelosuppression,10028584,PT,19.222,9.739,39,180941,40257,79523151
733443,1187,Neutropenic colitis,10062959,PT,15.043,9.773,32,140846,5675,79597835
752763,2807,Pseudomonas test positive,10070135,PT,24.418,11.178,23,146028,1829,79596508
601500,2755,Liver disorder,10024670,PT,19.383,10.313,120,70447,72297,79601524
535338,1790,Colitis ulcerative,10009900,PT,65.201,9.766,146,109197,34596,79600449
759810,4411,Drug reaction with eosinophilia and systemic symptoms,10073508,PT,21.39,19.686,43,16135,64201,79664009
738717,770,Malignant transformation,10064912,PT,168.658,14.947,65,120210,1153,79622960
553048,1556,Dysaesthesia,10013886,PT,16.211,12.235,26,90149,5822,79648391
610656,2445,Muscle necrosis,10028320,PT,77.173,9.72,62,404831,1396,79338099
579931,391,Hip arthroplasty,10020096,PT,35.758,12.172,5,117095,35751,79591537
678529,4978,Rheumatoid nodule,10048694,PT,272.255,13.865,639,982277,16799,78744673
763873,2708,Internal haemorrhage,10075192,PT,55.272,11.339,69,125861,8764,79609694
632990,1572,Pneumonia,10035664,PT,855.599,29.627,38,122493,660208,78961649
762581,2847,Oral mucosa haematoma,10074779,PT,20.733,9.929,8,322903,48,79421429
653965,4491,Skin fissures,10040849,PT,49.728,15.238,37,24073,13036,79707242
526948,2054,Cardiac aneurysm,10007513,PT,13.959,10.069,37,704521,1481,79038349
616543,4915,Nervous system disorder,10029202,PT,112.862,23.242,63,12216,26793,79705316
566001,279,Forced expiratory volume decreased,10016987,PT,70.062,21.053,30,11294,7784,79725280
714563,2253,Ureaplasma infection,10059640,PT,74.187,11.135,80,1051225,970,78692113
522772,1536,Body temperature decreased,10005910,PT,10.812,10.337,12,89266,32133,79622977
622068,1547,Orthostatic hypotension,10031127,PT,32.185,9.317,335,296163,55829,79392061
636961,1963,Prostatic disorder,10036956,PT,96.372,20.402,23,4746,2137,79737482
733093,1232,Dysaesthesia pharynx,10062665,PT,15.239,11.116,7,112074,210,79632097
532579,2553,Cholecystectomy,10008611,PT,29.862,12.251,54,127795,9378,79607161
567036,2846,Gait disturbance,10017577,PT,16.037,13.694,90,59409,207416,79477473
674629,1599,Weight increased,10047899,PT,47.486,10.321,249,124983,277137,79342019
724814,4978,Renal injury,10061481,PT,159.575,13.865,13,982903,16914,78744558
673800,434,Vomiting,10047700,PT,24.242,11.994,578,50561,665250,79027999
533042,4933,Cholestasis,10008635,PT,115.869,13.988,46,363084,52063,79329195
563483,5140,Febrile neutropenia,10016288,PT,54.621,14.694,6,26141,230993,79487248
532974,1836,Cholestasis,10008635,PT,35.729,9.882,63,238244,52046,79454035
631421,1832,Plasma cell myeloma,10035226,PT,12.026,10.201,23,82514,53236,79608615
581818,2245,Hyperhidrosis,10020642,PT,99.913,9.652,386,385795,151106,79207101
707139,4199,Spinal cord paralysis,10057268,PT,12.852,9.55,7,238741,139,79505501
739596,1569,Excessive eye blinking,10065166,PT,11.633,9.899,15,146753,1686,79595934
717008,2253,Diffuse alveolar damage,10060902,PT,14.373,11.135,89,1051216,3515,78689568
535909,4957,Coma,10010071,PT,24.711,18.593,12,43523,100637,79600216
630224,581,Peritonitis,10034674,PT,55.78,10.081,19,306424,28017,79409928
700759,4965,"Blood 1,25-dihydroxycholecalciferol increased",10053810,PT,26.966,11.315,8,214954,30,79529396
619812,2286,Obsessive thoughts,10029897,PT,16.575,10.305,11,69058,1121,79674198
764062,2255,Amputee,10075307,PT,12.973,9.832,3,390420,0,79353965
669534,4382,Urinary incontinence,10046543,PT,102.884,12.246,93,25322,40816,79678157
634588,4810,Polymyositis,10036102,PT,30.648,13.601,21,51783,3015,79689569
618517,4284,Neutrophil count decreased,10029366,PT,48.688,16.423,51,7217,93908,79643212
658004,5000,Stomatitis,10042128,PT,129.139,24.541,25,112354,146732,79485277
599734,2389,Lethargy,10024264,PT,31.56,11.306,284,166803,81008,79496293
553609,2436,Dyskinesia,10013916,PT,235.177,9.633,507,286757,44266,79412858
627416,4757,Paraesthesia,10033775,PT,114.606,15.094,302,49131,176021,79518934
683359,2806,Sudden cardiac death,10049418,PT,13.458,9.452,31,157174,5194,79581989
731428,4215,Renal impairment,10062237,PT,43.665,16.07,26,53643,157757,79532962
755167,1264,Posterior reversible encephalopathy syndrome,10071066,PT,31.154,9.732,63,448763,26218,79269344
737647,1232,Device related infection,10064687,PT,92.54,11.116,170,111911,34124,79598183
640436,2187,Purpura,10037549,PT,17.616,16.105,22,18152,19505,79706709
668308,4411,Tumour lysis syndrome,10045170,PT,45.066,19.686,38,16140,23901,79704309
686758,1708,Anal inflammation,10050247,PT,29.171,12.825,14,37503,1416,79705455
634305,703,Polyarthritis,10036030,PT,15.945,9.795,10,259718,12192,79472468
621781,4225,Oral mucosal blistering,10030995,PT,34.211,19.433,23,26702,6228,79711435
627126,1883,Panniculitis,10033675,PT,37.491,10.082,108,264664,12263,79467353
744676,1030,Liver injury,10067125,PT,20.963,17.528,57,29502,56557,79658272
636465,353,Proctitis,10036774,PT,32.171,14.11,18,14669,6414,79723287
507086,4163,Angioedema,10002424,PT,18.717,14.688,7,39263,76028,79629090
668346,2358,Tumour lysis syndrome,10045170,PT,17.134,10.223,47,330648,23892,79389801
719416,4236,Female genital tract fistula,10061149,PT,112.279,18.916,33,5445,5942,79732968
656849,2552,Splenic vein thrombosis,10041659,PT,36.883,10.457,27,276846,783,79466732
775624,2245,Product administration error,10081576,PT,16.299,9.652,89,386092,31757,79326450
643155,1258,Rectal ulcer haemorrhage,10038081,PT,13.265,10.43,15,754588,274,78989511
624959,2589,Pain in extremity,10033425,PT,25.457,17.175,74,33444,364464,79346406
758023,1647,Application site haemorrhage,10072694,PT,55.683,43.918,13,3790,1380,79739205
697891,2146,Epigastric discomfort,10053155,PT,13.925,10.464,135,834028,7761,78902464
516741,1859,Blister,10005191,PT,18.801,10.399,236,228733,119240,79396179
674393,3483,Weight decreased,10047895,PT,32.522,16.944,39,25297,355159,79363893
602550,961,Lower respiratory tract infection,10024968,PT,14.794,10.008,244,103837,128976,79511331
698060,1426,Candida sepsis,10053166,PT,20.878,20.401,9,10718,2504,79731157
695360,1028,Catheter site pain,10052268,PT,12.634,9.418,31,158439,5365,79580553
571101,1433,Glycosylated haemoglobin increased,10018484,PT,24.958,11.937,39,40148,19221,79684980
546782,1053,Discomfort,10013082,PT,62.258,9.635,137,197853,125480,79420918
765113,1922,Intestinal angioedema,10076229,PT,34.825,9.644,18,91378,865,79652127
773192,1152,Paternal exposure during pregnancy,10080091,PT,12.973,10.085,4,62809,70,79681505
559496,1118,Epstein-Barr virus infection reactivation,10015109,PT,28.886,12.678,20,80476,1872,79662020
725561,2054,Urinary tract obstruction,10061574,PT,16.126,10.069,84,704474,4681,79035149
730887,1859,Microangiopathy,10062198,PT,54.03,10.399,44,228925,1821,79513598
554808,257,Dyspnoea exertional,10013971,PT,88.762,10.454,1066,629247,86007,79028068
723651,496,Abnormal behaviour,10061422,PT,81.929,15.63,57,11977,36364,79695990
543865,4933,Depression,10012378,PT,148.074,13.988,499,362631,216291,79164967
754595,2276,Toxicity to various agents,10070863,PT,46.075,40.167,123,8386,421417,79314462
706229,4941,Body height decreased,10056812,PT,28.476,17.991,51,131702,8529,79604106
695257,5263,Respiratory tract congestion,10052251,PT,31.121,28.138,20,6739,19934,79717695
758856,4968,Prescribed underdose,10073085,PT,26.025,20.066,151,212737,29363,79502137
719743,4566,Foot operation,10061160,PT,40.437,19.585,28,37177,5705,79701478
770163,2776,Postmortem blood drug level increased,10078489,PT,19.823,18.485,6,8101,803,79735478
726290,4461,Adverse drug reaction,10061623,PT,11.865,9.753,553,535455,65839,79142541
769845,4718,Insurance issue,10078156,PT,40.389,22.82,18,10164,5715,79728491
603725,466,Lymphocyte count decreased,10025256,PT,12.306,11.349,53,41407,47236,79655692
580858,1028,Hyperaesthesia,10020568,PT,52.186,9.418,90,158380,12132,79573786
676796,845,Mobility decreased,10048334,PT,38.268,9.794,142,178097,122033,79444116
518251,4974,Blood creatine phosphokinase increased,10005470,PT,233.453,11.538,76,534890,66014,79143408
729359,4904,Food intolerance,10061958,PT,61.681,10.902,102,551277,3746,79189263
695055,2028,Myelocyte percentage increased,10052228,PT,23.636,10.716,8,49092,246,79695042
628782,2448,Pemphigus,10034280,PT,61.555,10.317,21,95206,99561,79549600
521337,4133,Blood pressure increased,10005750,PT,74.208,12.045,264,193620,211096,79339408
562008,4975,Fall,10016173,PT,705.157,10.991,1216,493757,486413,78763002
663170,2245,Tendon rupture,10043248,PT,89.503,9.652,188,385993,11938,79346269
508290,2436,Anxiety,10002855,PT,670.902,9.633,2194,285070,246318,79210806
547142,1816,Disinhibition,10013142,PT,15.986,9.839,23,163336,2575,79578454
574392,2646,Hair colour changes,10019030,PT,13.588,10.241,76,737159,4156,79002997
569600,2436,Generalised oedema,10018092,PT,10.337,9.633,47,287217,23662,79433462
642276,1231,Rash maculo-papular,10037868,PT,10.259,9.708,320,579835,55758,79108475
765757,4972,Product use issue,10076309,PT,86.753,16.835,126,127673,209696,79406893
723334,2328,Tuberculosis gastrointestinal,10061390,PT,68.444,18.971,18,20691,556,79723123
538616,4061,Corneal oedema,10011033,PT,137.486,12.061,44,21990,2576,79719778
759322,2847,Accidental exposure to product,10073317,PT,59.645,9.929,26,322885,31296,79390181
721444,1112,Klebsiella infection,10061259,PT,126.026,14.561,141,128821,15579,79599847
605217,2044,Maternal death affecting foetus,10026912,PT,17.593,12.579,4,181206,4,79563174
503190,2475,Alanine aminotransferase abnormal,10001547,PT,10.693,9.767,8,260743,8859,79474778
629453,1152,Pericarditis,10034484,PT,41.641,10.085,15,62798,104221,79577354
563197,2838,Febrile neutropenia,10016288,PT,228.553,9.73,710,496455,230289,79016934
651274,640,Sepsis,10040047,PT,33.039,27.465,52,3820,269376,79471140
665977,2813,Tonic convulsion,10043994,PT,25.704,9.944,31,217287,2189,79524881
675238,2475,White blood cell count decreased,10047942,PT,42.83,9.767,401,260350,187887,79295750
690877,2457,Blood viscosity increased,10051293,PT,13.371,11.275,5,30005,341,79714037
761146,269,Large intestinal stenosis,10074061,PT,128.496,9.737,82,191007,2774,79550525
756713,1821,Haemophagocytic lymphohistiocytosis,10071583,PT,58.47,20.71,38,11923,21799,79710628
562195,2726,Fall,10016173,PT,15.044,11.318,183,43529,487446,79213230
498628,945,Abdominal pain upper,10000087,PT,28.216,11.22,243,51078,223576,79469491
537038,4275,Condition aggravated,10010264,PT,13.415,10.581,250,53980,500874,79189284
503475,691,Alanine aminotransferase increased,10001551,PT,89.89,29.655,91,7130,162479,79574688
714196,2825,Skin toxicity,10059516,PT,28.572,13.077,53,145083,8261,79590991
644903,1771,Respiratory arrest,10038669,PT,56.458,9.528,109,360598,57441,79326240
721701,2870,Mental disorder,10061284,PT,59.574,9.593,184,185060,31118,79528026
640373,183,Purpura,10037549,PT,20.787,10.056,253,668744,19274,79056117
524579,367,Breast swelling,10006312,PT,20.391,13.669,9,20652,1371,79722356
594662,4974,International normalised ratio increased,10022595,PT,427.819,11.538,38,534928,84683,79124739
710363,4965,Troponin increased,10058267,PT,13.813,11.315,19,214943,19236,79510190
708959,4974,Injection site nodule,10057880,PT,15.955,11.538,3,534963,3777,79205645
620207,2825,Oedema,10030095,PT,34.003,13.077,108,145028,119472,79479780
514906,2475,Back pain,10003988,PT,35.919,9.767,740,260011,303440,79180197
566774,2846,Fungal endocarditis,10017529,PT,100.119,13.694,31,59468,583,79684306
642792,1859,Rebound effect,10038001,PT,59.908,10.399,88,228881,7138,79508281
753558,852,Infective pulmonary exacerbation of cystic fibrosis,10070608,PT,21.766,9.98,4,213255,12847,79518282
648191,4855,Rhinitis,10039083,PT,13.474,10.903,33,61379,14774,79668202
692413,535,Cytomegalovirus test positive,10051620,PT,29.315,15.978,23,35586,5924,79702855
642768,256,Raynaud's phenomenon,10037912,PT,32.773,16.168,12,22639,1026,79720711
722693,1708,Pneumonia fungal,10061354,PT,50.438,12.825,42,37475,11168,79695703
687256,602,Subileus,10050396,PT,41.054,39.413,11,1373,5643,79737361
672851,4981,Vision blurred,10047513,PT,11.202,9.916,172,88078,105726,79550412
563662,1563,Feeling abnormal,10016322,PT,40.327,10.112,192,172374,159007,79412815
686812,946,Dysstasia,10050256,PT,19.993,13.188,50,50260,27696,79666382
503347,2406,Alanine aminotransferase increased,10001551,PT,31.424,9.805,789,287130,161781,79294688
580430,1982,Hostility,10020400,PT,22.654,11.744,27,179660,2283,79562418
558438,105,Eosinophil count,10014941,PT,30.751,10.042,16,512029,126,79232217
533067,1301,Cholestasis,10008635,PT,16.995,11.536,8,57082,52101,79635197
700331,2366,Off label use,10053762,PT,32.568,14.183,113,19324,907102,78817849
635454,4198,Pregnancy,10036556,PT,20.165,9.862,13,151169,26838,79566368
766899,1883,Blood pressure measurement,10076581,PT,21.002,10.082,15,264757,438,79479178
697110,276,Eosinophilic pneumonia chronic,10052833,PT,10.069,9.695,8,144742,510,79599128
510215,1229,Arteriosclerosis,10003210,PT,34.648,14.463,28,14732,18199,79711429
708668,2646,Computerised tomogram thorax abnormal,10057799,PT,11.479,10.241,4,737231,2415,79004738
503504,1971,Alanine aminotransferase increased,10001551,PT,23.645,13.348,22,35079,162548,79546739
677076,1433,Multiple sclerosis relapse,10048393,PT,14.287,11.937,3,40184,46530,79657671
540513,2711,Cyanosis,10011703,PT,38.95,9.511,180,272204,25002,79447002
562844,3018,Fatigue,10016256,PT,202.451,19.109,100,38635,929627,78776026
743629,5089,Deep vein thrombosis postoperative,10066881,PT,85.389,18.043,153,315381,10599,79418255
650543,1353,Seizure,10039906,PT,59.429,13.641,362,80868,188472,79474686
575194,4566,Hangover,10019133,PT,238.035,19.585,72,37133,2040,79705143
717894,4978,Arthritis infective,10060968,PT,30.865,13.865,191,982725,8080,78753392
635824,1782,Premature delivery,10036595,PT,24.265,9.672,100,154490,23367,79566431
765307,4176,Intentional product use issue,10076308,PT,32.554,17.059,7,28192,152105,79564084
702740,4240,Helicobacter infection,10054263,PT,502.367,9.719,1253,500020,68451,79174664
728839,2017,Parasomnia,10061910,PT,22.791,12.631,9,38544,552,79705283
550657,4484,Drug ineffective,10013709,PT,28.051,26.191,104,14612,1080809,78648863
610928,1283,Muscle spasms,10028334,PT,75.52,15.29,26,66759,174704,79502899
640461,435,Purpura,10037549,PT,13.195,10.293,13,168165,19514,79556696
656607,2838,Spinal fracture,10041569,PT,68.589,9.73,258,496907,17796,79229427
739745,555,Cystitis bacterial,10065198,PT,23.295,21.734,5,1962,705,79741716
701883,1765,Hospitalisation,10054112,PT,51.351,21.285,126,36794,94110,79613358
695798,535,Systemic mycosis,10052366,PT,24.199,15.978,15,35594,2651,79706128
765362,2392,Intentional product use issue,10076308,PT,28.188,15.585,6,24336,152106,79567940
569779,432,Generalised tonic-clonic seizure,10018100,PT,95.564,15.047,85,21112,43825,79679366
661238,1786,Syncope,10042772,PT,606.348,9.917,2411,477787,177038,79087152
603399,2847,Lymphadenopathy,10025197,PT,35.807,9.929,104,322807,53143,79368334
538777,2836,Coronary artery bypass,10011077,PT,15.951,9.97,12,570478,6050,79167848
747901,1055,Cardiorenal syndrome,10068230,PT,13.188,9.268,23,314181,1566,79428618
721316,1883,Ischaemic stroke,10061256,PT,30.572,10.082,39,264733,33092,79446524
620567,1110,Oedema peripheral,10030124,PT,92.075,41.499,27,53168,252261,79438932
617004,2875,Neuroleptic malignant syndrome,10029282,PT,78.646,45.425,22,652,27537,79716177
657140,1399,Squamous cell carcinoma,10041823,PT,60.694,13.176,47,27146,15575,79701620
589341,5133,Impaired healing,10021519,PT,32.251,18.053,4,41844,87651,79614889
761534,669,Stoma closure,10074172,PT,57.452,13.775,13,14922,296,79729157
624512,2387,Pain,10033371,PT,44.748,11.165,1274,108275,702528,78932311
539409,5263,Cough,10011224,PT,105.705,28.138,142,6617,366647,79370982
570756,4840,Glossodynia,10018388,PT,48.367,11.789,4,48908,103333,79592143
529586,2836,Cartilage injury,10007710,PT,11.033,9.97,30,570460,1513,79172385
641146,5025,Pyrexia,10037660,PT,77.266,25.838,99,2353,678610,79063326
612106,2552,Mycobacterium marinum infection,10028452,PT,36.905,10.457,22,276851,447,79467068
655968,704,Somnolence,10041349,PT,108.6,10.243,541,88508,238440,79416899
550239,2420,Drug hypersensitivity,10013700,PT,29.176,25.864,22,627,298894,79444845
671457,881,Vena cava injury,10047194,PT,80.598,30.309,16,8668,336,79735368
605771,475,Melaena,10027141,PT,29.816,9.762,186,130232,60704,79553266
609105,1552,Mood altered,10027940,PT,20.033,13.769,31,360471,17816,79366070
737689,4195,Device related infection,10064687,PT,23.15,10.018,149,576847,34145,79133247
614891,1782,Nasopharyngitis,10028810,PT,109.658,9.672,203,154387,253678,79336120
536163,2214,Completed suicide,10010144,PT,28.447,14.547,3,12683,245764,79485938
627984,333,Parkinsonism,10034010,PT,55.242,19.389,36,14948,16548,79712856
557312,1189,Encephalitis,10014581,PT,156.414,17.721,125,79961,14635,79649667
554179,256,Dysphoria,10013954,PT,22.527,16.168,15,22636,4719,79717018
710277,704,Hypertensive urgency,10058181,PT,13.043,10.243,8,89041,550,79654789
681800,1860,Emotional distress,10049119,PT,21.619,11.168,4,68222,39965,79636197
623849,4337,Overdose,10033295,PT,121.604,18.799,55,113515,184151,79446667
723418,2835,Urticaria thermal,10061399,PT,25.366,10.055,11,75069,434,79668874
544452,1225,Dermatitis contact,10012442,PT,14.612,9.684,55,173420,10978,79559935
742524,1277,Cytopenia,10066274,PT,42.555,18.611,43,26986,20340,79697019
598088,758,Keratopathy,10023365,PT,16.04,11.094,22,325339,1172,79417855
597389,3083,Joint stiffness,10023230,PT,77.976,31.077,29,1438,40801,79702120
530327,960,Central nervous system lymphoma,10007953,PT,94.222,12.33,59,165974,2230,79576125
587715,2396,Hypotension,10021097,PT,714.998,23.116,693,18772,439624,79285299
754908,945,Exposed bone in jaw,10071014,PT,13.12,11.22,14,51307,3706,79689361
568875,2253,Gastrointestinal disorder,10017944,PT,116.2,11.135,2260,1049045,119945,78573138
588303,530,Hypoventilation,10021133,PT,18.033,13.04,17,27691,7207,79709473
621270,966,Oliguria,10030302,PT,68.343,29.352,24,2546,16285,79725533
498397,2544,Abdominal pain,10000081,PT,19.458,15.688,441,65661,389128,79289158
681380,3017,Cholestasis of pregnancy,10049055,PT,12.528,9.827,11,119056,982,79624339
591678,4975,Injection site hypersensitivity,10022071,PT,17.915,10.991,38,494935,1887,79247528
769786,939,Joint neoplasm,10078144,PT,22.781,13.369,7,114881,63,79629437
709466,1384,Gastric ileus,10058035,PT,12.829,11.493,3,40970,27,79703388
778757,26,Hypoferritinaemia,10083490,PT,24.287,12.598,6,154651,14,79589717
670517,566,Urticaria,10046735,PT,60.172,18.893,84,8090,185117,79551097
502759,1559,Agranulocytosis,10001507,PT,18.952,13.029,4,55172,45026,79644186
560394,2832,Exostosis,10015688,PT,41.756,10.082,232,563388,16626,79164142
647755,4807,Rheumatoid arthritis,10039073,PT,140.203,20.334,15,73939,208455,79461979
622027,4933,Orthopnoea,10031123,PT,29.79,13.988,5,363125,10068,79371190
765949,2351,Product use issue,10076309,PT,21.204,13.043,6,14546,209816,79520020
689291,1765,Oral surgery,10051059,PT,29.392,21.285,13,36907,1108,79706360
596194,1407,Irritable bowel syndrome,10023003,PT,390.92,9.855,979,438698,61262,79243449
530309,258,Cellulitis staphylococcal,10007921,PT,29.536,15.342,10,13296,1163,79729919
615626,1709,Necrotising fasciitis,10028885,PT,24.019,14.061,29,74661,6021,79663677
521346,2708,Blood pressure increased,10005750,PT,36.802,11.339,190,125740,211170,79407288
607064,3152,Metabolic alkalosis,10027423,PT,35.069,9.47,51,211638,4438,79528261
673764,2646,Vomiting,10047700,PT,14.096,10.241,6575,730660,659253,78347900
616131,1055,Nephropathy,10029151,PT,56.353,9.268,121,314083,9617,79420567
642947,4191,Rectal haemorrhage,10038063,PT,37.061,16.709,46,9633,76254,79658455
589229,2245,Immunodeficiency common variable,10021449,PT,30.141,9.652,20,386161,348,79357859
542123,1610,Dehydration,10012174,PT,43.865,9.575,943,218910,247244,79277291
539920,1209,Crying,10011469,PT,105.449,9.706,182,169929,22861,79551416
687430,1258,Ventricular hypokinesia,10050510,PT,23.817,10.43,160,754443,9119,78980666
740307,2717,Infusion site urticaria,10065490,PT,11.158,10.15,12,145559,1122,79597695
695739,183,Brain contusion,10052346,PT,10.236,10.056,30,668967,1343,79074048
667625,489,Tremor,10044565,PT,43.452,10.353,420,120042,169663,79454263
556251,4512,Electrocardiogram QRS complex prolonged,10014380,PT,45.303,13.024,52,70887,10781,79662668
621791,4974,Oral mucosal blistering,10030995,PT,26.303,11.538,5,534961,6246,79203176
674839,2865,Weight increased,10047899,PT,114.128,18.917,254,23550,277132,79443452
521605,882,Blood pressure systolic abnormal,10005757,PT,16.574,10.682,5,141643,17242,79585498
612109,2525,Mycobacterium marinum infection,10028452,PT,16.727,13.95,14,300847,455,79443072
533825,1540,Chronic obstructive pulmonary disease,10009033,PT,86.361,10.6,29,154826,85390,79504143
504562,5224,Altered state of consciousness,10001854,PT,62.695,25.012,6,153849,43816,79546717
740861,2436,Suicidal behaviour,10065604,PT,109.456,9.633,92,287172,3155,79453969
696893,4934,Drug tolerance,10052804,PT,17.528,14.908,46,152338,8629,79583375
658034,1587,Stomatitis,10042128,PT,35.225,9.699,465,363605,146292,79234026
662249,1977,Systemic lupus erythematosus,10042945,PT,52.124,10.379,11,56367,121138,79566872
589562,2048,Impaired healing,10021519,PT,113.4,16.963,110,15237,87545,79641496
702157,1400,Affect lability,10054196,PT,14.252,9.993,36,89759,11223,79643370
527207,5224,Cardiac arrest,10007515,PT,256.161,25.012,20,153835,172076,79418457
714847,2562,Drug resistance,10059866,PT,55.572,10.126,7,150308,42206,79551867
594015,1076,Intentional overdose,10022523,PT,2138.518,16.698,1284,71766,104676,79566662
592139,1606,Injection site pain,10022086,PT,56.753,9.532,356,365887,129482,79248663
624541,1236,Pain,10033371,PT,22.704,18.13,51,12982,703751,79027604
652496,2245,Sickle cell anaemia with crisis,10040642,PT,14.92,9.652,10,386171,7912,79350295
739540,4801,Therapy cessation,10065154,PT,18.932,17.626,38,24378,37524,79682448
506272,671,Anaphylactic shock,10002199,PT,44.505,21.162,36,9594,35960,79698798
599828,682,Lethargy,10024264,PT,30.158,17.434,80,28405,81212,79634691
769551,1563,Non-24-hour sleep-wake disorder,10078086,PT,31.077,10.112,9,172557,40,79571782
549505,1860,Drug dependence,10013663,PT,22.225,11.168,4,68222,40765,79635397
506046,4163,Anaphylactic reaction,10002198,PT,18.553,14.688,9,39261,83734,79621384
689962,897,Catheter site haemorrhage,10051099,PT,15.326,9.649,30,138867,5087,79600404
718533,2803,Communication disorder,10061046,PT,83.489,10.629,75,203004,4015,79537294
707860,4816,Right atrial hypertrophy,10057501,PT,212.557,24.591,46,17271,725,79726346
704180,2646,Thyroxine free increased,10055163,PT,59.6,10.241,65,737170,1167,79005986
699730,1225,Thermal burn,10053615,PT,12.373,9.684,39,173436,7121,79563792
620243,392,Oedema,10030095,PT,312.993,13.139,536,95563,119044,79529245
679406,2807,Acute generalised exanthematous pustulosis,10048799,PT,587.139,11.178,376,145675,16878,79581459
703211,4133,Facet joint syndrome,10054813,PT,17.836,12.045,3,193881,11299,79539205
574454,1814,Hair texture abnormal,10019049,PT,30.725,19.094,12,7920,3522,79732934
575915,865,Heart rate decreased,10019301,PT,12.309,9.92,180,288992,70136,79385080
569782,928,Generalised tonic-clonic seizure,10018100,PT,37.696,32.444,22,2833,43888,79697645
511447,4981,Arthropathy,10003285,PT,121.768,9.916,24,88226,177087,79479051
603291,4933,Lupus vulgaris,10025143,PT,29.564,13.988,54,363076,3292,79377966
542698,1523,Delirium,10012218,PT,106.264,18.938,121,20872,84506,79638889
619115,758,Nocardiosis,10029444,PT,110.555,11.094,126,325235,5553,79413474
520289,625,Blood potassium decreased,10005724,PT,29.528,13.466,42,16464,46470,79681412
622585,2831,Osteochondritis,10031230,PT,15.687,9.952,4,63276,33,79681075
612992,1709,Myocardial infarction,10028596,PT,90.126,14.061,30,74660,184099,79485599
596368,1118,Irritable bowel syndrome,10023003,PT,50.725,12.678,3,80493,62238,79601654
632091,1782,Platelet transfusion,10035543,PT,12.739,9.672,19,154571,2323,79587475
634129,2358,Poisoning deliberate,10036000,PT,65.31,10.223,3,330692,18825,79394868
525612,255,Bundle branch block left,10006580,PT,14.112,9.639,62,200808,11451,79532067
695384,4809,Catheter site pruritus,10052270,PT,464.41,15.221,180,179632,2111,79562465
520766,2825,Blood pressure diastolic abnormal,10005736,PT,24.586,13.077,3,145133,19199,79580053
728864,4182,Psychotic disorder,10061920,PT,42.558,10.477,29,212377,41373,79490609
725210,2593,Ill-defined disorder,10061520,PT,16.78,13.479,5,37368,65870,79641145
691840,581,Nitrite urine present,10051469,PT,18.435,10.081,23,306420,1186,79436759
704552,2441,Haemorrhage,10055798,PT,24.739,11.227,319,182902,90799,79470368
629407,434,Pericarditis,10034484,PT,46.418,11.994,6,51133,104230,79589019
586605,1540,Hypomagnesaemia,10021027,PT,49.057,10.6,15,154840,46896,79542637
500687,1992,Acute myeloid leukaemia,10000880,PT,14.355,9.983,175,292517,30710,79420986
559172,380,Epistaxis,10015090,PT,98.884,10.079,825,345543,110690,79287330
687331,1836,Morbid thoughts,10050464,PT,29.171,9.882,22,238285,780,79505301
565910,2350,Forced expiratory volume,10016984,PT,43.74,9.712,12,85181,97,79659098
720894,939,Limb injury,10061225,PT,29.091,13.369,4,114884,29524,79599976
543397,2302,Depressed level of consciousness,10012373,PT,45.64,14.059,196,74754,96456,79572982
512798,1152,Asthenia,10003549,PT,28.422,10.085,563,62250,511126,79170449
573507,1506,Haemoglobin increased,10018888,PT,24.607,12.062,25,52521,6107,79685735
737323,85,Graft versus host disease in skin,10064675,PT,65.764,10.166,83,222645,5990,79515670
586444,2436,Hypokinesia,10021021,PT,18.559,9.633,125,287139,18935,79438189
569126,4239,Gastrointestinal haemorrhage,10017955,PT,653.689,11.335,4185,1216727,143534,78379942
645935,5207,Respiratory failure,10038695,PT,73.541,35.252,59,3066,180852,79560411
531114,2391,Cerebrovascular accident,10008190,PT,14.004,13.397,51,50585,155241,79538511
564279,2253,Femoral neck fracture,10016450,PT,36.226,11.135,47,1051258,9937,78683146
633403,1860,Pneumonia influenzal,10035714,PT,12.691,11.168,14,68212,2890,79673272
544446,2847,Dermatitis contact,10012442,PT,34.703,9.929,111,322800,10922,79410555
656662,2083,Spinal muscular atrophy,10041582,PT,112.649,14.988,23,12518,380,79731467
684399,2597,Anal haemorrhage,10049555,PT,17.474,12.56,12,21292,4222,79718862
611838,85,Myalgia,10028411,PT,29.843,10.166,353,222375,185288,79336372
650350,1264,Sedation,10039897,PT,191.139,9.732,685,448141,51210,79244352
667205,882,Transient ischaemic attack,10044390,PT,140.849,10.682,298,141350,52397,79550343
656383,269,Speech disorder,10041466,PT,14.512,9.737,74,191015,54371,79498928
610048,852,Multiple allergies,10028164,PT,16.945,9.98,64,213195,10396,79520733
731775,4253,Urinary tract infection pseudomonal,10062279,PT,21.618,10.041,18,100175,1780,79642415
680458,2840,Peripheral swelling,10048959,PT,214.601,10.722,4240,892577,265377,78582194
607607,5234,Metastases to lung,10027458,PT,31.17,27.601,23,10633,18140,79715592
671695,4713,Venous thrombosis,10047249,PT,19.601,16.911,6,408129,7110,79329143
779322,2445,COVID-19,10084268,PT,74.139,9.72,482,404411,157192,79182303
543007,946,Dementia,10012267,PT,499.669,13.188,264,50046,24395,79669683
709840,4901,Metabolic disorder,10058097,PT,10.873,9.267,60,267216,9110,79468002
581704,2358,Hyperglycaemia,10020635,PT,35.627,10.223,160,330535,70175,79343518
644476,1601,Renal tubular disorder,10038537,PT,94.504,17.957,36,12103,6450,79725799
597341,2807,Joint stiffness,10023230,PT,24.671,11.178,23,146028,40807,79557530
501719,1164,Adjustment disorder with depressed mood,10001297,PT,15.187,10.115,3,214890,9083,79520412
777090,136,Therapeutic product effect decreased,10082201,PT,155.177,9.57,223,290723,163640,79289802
521186,282,Blood pressure fluctuation,10005746,PT,15.724,10.126,58,132664,67087,79544579
548247,954,Diverticulum intestinal,10013559,PT,25.316,11.202,29,49667,8576,79686116
642996,4968,Rectal haemorrhage,10038063,PT,69.191,20.066,61,212827,76239,79455261
696219,242,Wound,10052428,PT,61.245,11.827,61,131851,116118,79496358
778584,3483,Adenovirus reactivation,10083326,PT,29.717,16.944,9,25327,380,79718672
586550,1187,Hypomagnesaemia,10021027,PT,41.748,9.773,179,140699,46732,79556778
555209,1427,Dystonia,10013983,PT,28.594,18.104,17,4657,21382,79718332
574962,1803,"Hallucination, visual",10019075,PT,19.106,14.77,30,18241,32699,79693418
759646,708,Platelet dysfunction,10073391,PT,21.407,9.91,16,310243,426,79433703
717108,269,Abdominal abscess,10060921,PT,48.684,9.737,72,191017,7055,79546244
704451,865,Foetal death,10055690,PT,16.254,9.92,65,289107,7979,79447237
712795,758,Blood stem cell transplant failure,10059032,PT,102.534,11.094,48,325313,487,79418540
685273,2977,Shock haemorrhagic,10049771,PT,31.085,22.717,30,18104,20030,79706224
745609,2803,Organising pneumonia,10067472,PT,14.27,10.629,5,203074,10934,79530375
669421,2253,Urethral fistula,10046451,PT,11.74,11.135,6,1051299,19,78693064
735122,1110,Implant site paraesthesia,10063783,PT,258.86,41.499,41,53154,0,79691193
575556,1676,Headache,10019211,PT,23.426,10.421,1067,103784,652705,78986832
680880,3483,Brain oedema,10048962,PT,18.925,16.944,31,25305,25232,79693820
721160,4933,Investigation abnormal,10061253,PT,141.074,13.988,98,363032,1968,79379290
662952,852,Tarsal tunnel syndrome,10043121,PT,10.859,9.98,10,213249,526,79530603
759454,5089,Accidental exposure to product,10073317,PT,58.929,18.043,25,315509,31297,79397557
740167,4809,Infusion site cellulitis,10065455,PT,20.183,15.221,11,179801,294,79564282
614448,489,Nasal polyps,10028756,PT,21.191,10.353,39,120423,7288,79616638
566930,3483,Fungal skin infection,10017543,PT,24.229,16.944,18,25318,6018,79713034
533627,4716,Chronic myeloid leukaemia,10009013,PT,25.496,18.803,12,12013,3652,79728711
672047,4280,Ventricular fibrillation,10047290,PT,60.484,13.349,70,32638,31856,79679824
754935,1258,Walking distance test abnormal,10071032,PT,23.694,10.43,32,754571,706,78989079
507928,2436,Antisocial behaviour,10002820,PT,23.423,9.633,20,287244,701,79456423
508959,458,Aphonia,10002953,PT,32.668,14.933,20,11996,10292,79722080
771143,760,Renal tubular injury,10078933,PT,29.588,9.781,29,235693,1490,79507176
556891,4840,Electrolyte imbalance,10014418,PT,12.033,11.789,44,48868,30837,79664639
691118,4879,Post transplant lymphoproliferative disorder,10051358,PT,12.804,9.898,4,166692,11460,79566232
622835,1786,Osteonecrosis,10031264,PT,14.308,9.917,119,480079,30976,79233214
552780,2253,Duodenal ulcer perforation,10013849,PT,65.48,11.135,1232,1050073,64979,78628104
778993,4965,Immune thrombocytopenia,10083842,PT,14.422,11.315,16,214946,17789,79511637
714318,2245,Blood alkaline phosphatase increased,10059570,PT,31.205,9.652,457,385724,63207,79295000
590990,1055,Injection site bruising,10022052,PT,21.977,9.268,85,314119,40917,79389267
591169,5140,Injection site erosion,10022059,PT,18.429,14.694,5,26142,137,79718104
718852,4072,Drug abuser,10061111,PT,12.654,10.087,19,663886,5994,79074489
671496,2552,Venoocclusive liver disease,10047216,PT,331.063,10.457,296,276577,11475,79456040
515267,663,Bacteraemia,10003997,PT,17.536,9.723,45,236030,32779,79475534
544042,1003,Depression suicidal,10012397,PT,348.484,15.258,99,22572,3743,79717974
534671,1751,Coagulopathy,10009802,PT,15.876,11.343,349,1029688,35657,78678694
687525,1258,Chest tube insertion,10050522,PT,12.817,10.43,11,754592,141,78989644
551919,1599,Drug withdrawal syndrome,10013754,PT,25.365,10.321,115,125117,34603,79584553
681549,2834,Osteopenia,10049088,PT,15.794,9.991,193,542970,18171,79183054
537894,52,Constipation,10010774,PT,24.981,11.207,4627,1168374,278423,78292964
625635,1122,Palmar-plantar erythrodysaesthesia syndrome,10033553,PT,45.53,14.42,65,35904,33069,79675350
600322,597,Leukopenia,10024384,PT,71.186,14.782,41,116695,116472,79511180
780834,4198,Necrotic lymphadenopathy,10085419,PT,25.844,9.862,9,151173,92,79593114
564439,5224,Femur fracture,10016454,PT,40.664,25.012,12,153843,38640,79551893
617924,2544,Neutropenia,10029354,PT,20.587,15.688,344,65758,287366,79390920
685909,2840,Thoracic vertebral fracture,10049948,PT,39.874,10.722,140,896677,5113,78842458
777092,954,Therapeutic product effect decreased,10082201,PT,56.536,11.202,16,49680,163847,79530845
692553,1329,Metastases to bone marrow,10051662,PT,15.153,15.152,7,29965,815,79713601
505147,1990,Anaemia,10002034,PT,34.803,10.035,3981,619428,441034,78679945
723531,1395,Wrist deformity,10061415,PT,95.415,10.993,84,427896,2033,79314375
772344,5089,Loss of personal independence in daily activities,10079487,PT,744.589,18.043,1403,314131,101177,79327677
500583,786,Acute monocytic leukaemia,10000871,PT,35.329,20.909,11,24480,528,79719369
501147,4965,Acute pulmonary oedema,10001029,PT,12.416,11.315,12,214950,14218,79515208
741262,4904,Vaginal fistula,10065813,PT,19.139,10.902,16,551363,276,79192733
677526,1539,Fibromyalgia,10048439,PT,35.685,12.933,4,61659,64336,79618389
676945,1030,Mobility decreased,10048334,PT,27.185,17.528,6,29553,122169,79592660
623834,3281,Overdose,10033295,PT,1810.587,21.495,1266,52462,182940,79507720
725655,1034,Echocardiogram abnormal,10061593,PT,19.872,17.912,17,79205,2211,79662955
535193,819,Colitis,10009887,PT,87.286,44.203,12,138800,73295,79532281
663942,4135,Therapeutic response unexpected,10043417,PT,52.508,18.144,44,22245,19902,79702197
553186,260,Dysarthria,10013887,PT,47.523,12.064,89,30120,67533,79646646
668635,4196,Ulcer,10045285,PT,25.335,10.153,377,678505,29595,79035911
524173,2807,Breast cancer,10006187,PT,27.074,11.178,14,146037,33767,79564570
552012,3281,Drug withdrawal syndrome,10013754,PT,62.991,21.495,96,53632,34622,79656038
686744,3395,Anal inflammation,10050247,PT,64.214,14.892,19,13435,1411,79729523
629793,1859,Periostitis,10034551,PT,83.884,10.399,40,228929,620,79514799
650768,4935,Seizure,10039906,PT,49.633,49.193,71,6858,188763,79548696
672528,4106,Vestibular disorder,10047386,PT,11.524,11.175,9,33517,2446,79708416
642062,1768,Rash erythematous,10037855,PT,10.82,9.436,280,288535,57489,79398084
621125,2328,Oligohydramnios,10030289,PT,22.806,18.971,13,20696,3399,79720280
668423,2054,Tumour pain,10045171,PT,11.914,10.069,46,704512,2253,79037577
555157,4829,Dystonia,10013983,PT,30.814,24.799,3,155414,21396,79567575
729987,568,Hyperlipidaemia,10062060,PT,13.13,9.869,123,227777,25970,79490518
689760,2274,Therapy non-responder,10051082,PT,15.114,11.386,44,78696,92261,79573387
722878,435,Poisoning,10061355,PT,207.058,10.293,261,167917,25011,79551199
541577,581,Death,10011906,PT,666.069,10.081,718,305725,565796,78872149
725913,1258,Pulmonary function test abnormal,10061602,PT,13.504,10.43,76,754527,4068,78985717
696440,1599,Total lung capacity increased,10052463,PT,106.69,10.321,58,125174,2240,79616916
546197,2029,Diarrhoea haemorrhagic,10012741,PT,11.155,9.784,32,401377,13202,79329777
638349,845,Psoriatic arthropathy,10037162,PT,55.926,9.794,55,178184,77944,79488205
550280,1816,Drug ineffective,10013709,PT,111.011,9.839,1555,161804,1079358,78501671
525856,5224,Burning sensation,10006784,PT,186.569,25.012,374,153481,58258,79532275
687516,1836,Hyposmia,10050515,PT,21.43,9.882,18,238289,747,79505334
533868,4816,Chronic obstructive pulmonary disease,10009033,PT,197.428,24.591,157,17160,85262,79641809
735782,2073,Lichenoid keratosis,10064000,PT,84.038,15.539,42,43252,4015,79697079
682483,1505,Red blood cell sedimentation rate increased,10049187,PT,12.694,12.471,3,37513,45939,79660933
593401,2253,Insomnia,10022437,PT,15.735,11.135,2919,1048386,242251,78450832
739146,255,Immune reconstitution inflammatory syndrome,10065042,PT,10.067,9.639,12,200858,13829,79529689
663289,1768,Tendonitis,10043255,PT,18.833,9.436,36,288779,23794,79431779
743895,4244,Treatment failure,10066901,PT,12.439,11.221,74,58635,170412,79515267
540796,4934,Cystitis,10011781,PT,48.744,14.908,215,152169,52517,79539487
607299,1255,Metastases to breast,10027454,PT,38.66,15.339,12,49314,277,79694785
754887,2138,Intraductal papillary mucinous neoplasm,10070999,PT,77.823,20.748,20,15119,778,79728471
529591,2372,Cartilage injury,10007710,PT,11.85,9.947,28,488716,1515,79254129
600697,669,Linear IgA disease,10024515,PT,16.165,13.775,9,14926,3123,79726330
688702,257,Anti-neutrophil cytoplasmic antibody positive vasculitis,10050894,PT,30.361,10.454,81,630232,3648,79110427
537621,1891,Confusional state,10010305,PT,96.638,22.551,152,9441,317845,79416950
551808,4310,Drug withdrawal convulsions,10013752,PT,89.16,15.484,34,33524,2186,79708644
693237,1587,Infusion related reaction,10051792,PT,118.401,9.699,594,363476,229643,79150675
628267,530,Pathogen resistance,10034133,PT,27.069,13.04,29,27679,14313,79702367
702599,2806,Helicobacter infection,10054263,PT,82.87,9.452,18,157187,69686,79517497
598060,2459,Keratoacanthoma,10023347,PT,27.312,16.843,13,46801,1032,79696542
607055,4205,Metabolic alkalosis,10027423,PT,83.795,9.644,124,522618,4365,79217281
748401,4978,Epstein-Barr virus associated lymphoproliferative disorder,10068349,PT,21.983,13.865,8,982908,3524,78757948
751576,2684,Burkholderia cepacia complex infection,10069657,PT,26.854,13.594,8,26051,310,79718019
540035,2373,Cryoglobulinaemia,10011474,PT,193.133,11.525,65,119534,768,79624021
779531,989,COVID-19,10084268,PT,25.784,16.733,7,23216,157667,79563498
534459,1584,Clostridium difficile colitis,10009657,PT,57.83,14.955,88,52805,32195,79659300
718859,2832,Drug abuser,10061111,PT,11.878,10.082,15,563605,5998,79174770
677952,2638,Cardiotoxicity,10048610,PT,38.139,32.201,25,14209,12214,79717940
553745,1258,Dyspepsia,10013946,PT,47.617,10.43,732,753871,107955,78881830
780298,4337,Product dose omission issue,10084406,PT,51.421,18.799,559,113011,246978,79383840
713499,2337,Delirium febrile,10059267,PT,11.785,10.672,6,321875,75,79422432
758210,659,Drain placement,10072795,PT,13.791,9.479,7,195020,148,79549213
747560,842,Inhibitory drug interaction,10068071,PT,10.396,9.991,10,573754,4443,79166181
631525,85,Plasmacytoma,10035484,PT,65.788,10.166,71,222657,4332,79517328
594546,941,International normalised ratio increased,10022595,PT,20.458,9.515,228,135867,84493,79523800
602142,1164,Loss of consciousness,10024855,PT,69.859,10.115,726,214167,167217,79362278
672170,427,Ventricular tachycardia,10047302,PT,48.028,12.512,84,43526,41851,79658927
673712,2847,Vomiting,10047700,PT,12.079,9.929,2446,320465,663382,78758095
764305,2355,Stoma site hypergranulation,10075517,PT,18.632,16.156,5,8006,440,79735937
690275,4337,Drug ineffective for unapproved indication,10051118,PT,32.706,18.799,16,113554,51222,79579596
729014,1802,Psychotic disorder,10061920,PT,14.287,13.975,59,51693,41343,79651293
758672,1336,Hepatocellular carcinoma,10073071,PT,23.281,9.842,3,296314,9018,79439053
688345,1771,Band neutrophil count increased,10050759,PT,26.06,9.528,23,360684,667,79383014
606638,4167,Menstruation irregular,10027339,PT,39.003,13.465,36,81927,5000,79657425
655582,2646,Sneezing,10041232,PT,12.349,10.241,253,736982,19430,78987723
599006,2873,Lactic acidosis,10023676,PT,18.927,10.454,196,138106,70163,79535923
507798,4072,Anticholinergic syndrome,10002757,PT,12.862,10.087,7,663898,3604,79076879
769147,4974,Product availability issue,10077800,PT,14.919,11.538,4,534962,3943,79205479
662306,2210,Systemic lupus erythematosus,10042945,PT,39.538,15.561,109,26536,121040,79596703
753167,916,Urobilinogen urine increased,10070479,PT,14.506,10.183,25,787123,658,78956582
501513,2108,Acute respiratory failure,10001053,PT,19.619,10.322,26,96596,59515,79588251
568796,257,Gastrointestinal angiodysplasia,10017928,PT,20.409,10.454,33,630280,1036,79113039
725921,2350,Pulmonary function test abnormal,10061602,PT,26.248,9.712,27,85166,4117,79655078
672112,1649,Ventricular hypertrophy,10047295,PT,15.218,12.376,14,23028,6924,79714422
760403,1610,Myeloma cast nephropathy,10073599,PT,12.433,9.575,7,219846,162,79524373
777056,5201,Therapeutic product effect incomplete,10082200,PT,90.431,59.893,69,4267,141576,79598476
709032,5682,Electrocardiogram U wave present,10057913,PT,11.008,9.344,6,221607,129,79522646
557345,2090,Encephalitis cytomegalovirus,10014586,PT,23.279,19.03,8,11345,1142,79731893
568178,4205,Gastritis,10017853,PT,53.461,9.644,515,522227,47478,79174168
776089,1046,Arterial angioplasty,10081731,PT,27.403,20.341,5,11127,50,79733206
525761,1859,Burning sensation,10006784,PT,46.473,10.399,60,228909,58572,79456847
631942,5062,Platelet count decreased,10035528,PT,107.966,22.769,146,12979,194518,79536745
519487,2406,Blood immunoglobulin M increased,10005601,PT,11.558,9.805,19,287900,1347,79455122
740893,865,Intestinal congestion,10065611,PT,18.001,9.92,5,289167,9,79455207
574999,946,"Hallucination, visual",10019075,PT,137.383,13.188,134,50176,32595,79661483
550880,2276,Drug ineffective,10013709,PT,41.445,40.167,33,8476,1080880,78654999
574071,1906,Haemorrhage intracranial,10018985,PT,32.038,10.053,83,543852,26110,79174343
660547,2459,Swelling,10042674,PT,43.389,16.843,38,46776,216673,79480901
620464,4251,Oedema peripheral,10030124,PT,160.944,11.005,574,76737,251714,79415363
767467,3279,Impaired quality of life,10076936,PT,57.423,14.799,32,11561,14354,79718441
712633,1826,Injection site scar,10059009,PT,15.014,11.754,7,30191,826,79713364
543573,1395,Depressed mood,10012374,PT,41.408,10.993,128,427852,48352,79268056
556072,2708,Electrocardiogram abnormal,10014363,PT,327.171,11.339,245,125685,16492,79601966
528933,4779,Cardiogenic shock,10007625,PT,186.392,16.885,110,15150,41804,79687324
590133,882,Infection,10021789,PT,85.473,10.682,189,141459,241523,79361217
695240,480,Respiratory tract congestion,10052251,PT,19.54,12.858,4,127218,19950,79597216
677978,210,Hydrothorax,10048612,PT,16.53,11.708,10,41282,1458,79701638
689003,2034,Staphylococcal bacteraemia,10051017,PT,96.276,27.334,32,3847,12186,79728323
633910,1045,Pneumothorax,10035759,PT,59.573,16.459,59,26009,28264,79690056
728493,973,Obstructive airways disorder,10061877,PT,27.061,13.076,38,21777,31421,79691152
553276,4659,Dysdiadochokinesis,10013896,PT,20.814,12.061,9,78222,338,79665819
535854,1980,Coma,10010071,PT,18.726,13.577,55,89952,100594,79553787
498900,1068,Abnormal dreams,10000125,PT,29.969,12.736,23,17952,11389,79715024
526172,758,C-reactive protein,10006824,PT,11.577,11.094,3,325358,4976,79414051
624795,2391,Pain in extremity,10033425,PT,36.868,13.397,114,50522,364424,79329328
630617,2868,Petechiae,10034754,PT,12.143,11.324,8,120082,20557,79603741
773156,5002,Euglycaemic diabetic ketoacidosis,10080061,PT,16.356,10.036,26,76454,6818,79661090
685119,2152,Bradyarrhythmia,10049765,PT,18.201,11.125,20,67957,4126,79672285
647536,2562,Rheumatoid arthritis,10039073,PT,152.324,10.126,103,150212,208367,79385706
654146,5000,Skin lesion,10040882,PT,24.846,24.541,14,112365,41830,79590179
686168,1045,Lung cancer metastatic,10050017,PT,34.551,16.459,19,26049,3680,79714640
568975,1164,Gastrointestinal disorder,10017944,PT,46.967,10.115,170,214723,122035,79407460
756566,2552,Haemophagocytic lymphohistiocytosis,10071583,PT,638.019,10.457,561,276312,21276,79446239
774504,2803,Hyperglycinaemia,10080883,PT,47.14,10.629,10,203069,3,79541306
530510,2873,Cerebral artery thrombosis,10008092,PT,33.502,10.454,22,138280,1089,79604997
739722,438,Cystitis viral,10065197,PT,185.17,25.289,46,33295,682,79710365
648534,260,Rhythm idioventricular,10039111,PT,31.48,12.064,11,30198,613,79713566
535914,2181,Coma,10010071,PT,48.374,36.26,49,6223,100600,79637516
762972,2525,Intentional product misuse,10074903,PT,162.087,13.95,78,300783,95087,79348440
582525,179,Hyperlactacidaemia,10020660,PT,35.754,22.266,19,16094,5576,79722699
707440,1816,Hypoaesthesia oral,10057371,PT,29.293,9.839,79,163280,14045,79566984
639080,4923,Pulmonary embolism,10037377,PT,45.034,13.196,452,129280,171202,79443454
567269,4986,Gait inability,10017581,PT,25.627,17.702,22,100714,58895,79584757
669962,1904,Urinary tract infection,10046571,PT,20.744,19.446,12,14444,274500,79455432
503447,5237,Alanine aminotransferase increased,10001551,PT,85.083,54.532,8,56036,162562,79525782
599751,581,Lethargy,10024264,PT,20.221,10.081,207,306236,81085,79356860
692642,939,Metastases to peritoneum,10051676,PT,81.551,13.369,60,114828,4312,79625188
730061,2099,Hyperlipidaemia,10062060,PT,79.677,15.238,45,9185,26048,79709110
729900,432,Manipulation,10062053,PT,27.585,15.047,6,21191,78,79723113
589962,2838,Increased tendency to bruise,10021688,PT,18.989,9.73,121,497044,10343,79236880
730906,668,Mononeuropathy,10062203,PT,14.012,10.908,6,81831,210,79662341
510735,5063,Arthralgia,10003239,PT,86.766,16.746,79,36065,571724,79136520
717954,380,Benign gastrointestinal neoplasm,10060996,PT,18.024,10.079,10,346358,139,79397881
498686,1676,Abdominal pain upper,10000087,PT,23.048,10.421,418,104433,223401,79416136
629132,2358,Pericardial effusion,10034474,PT,53.273,10.223,68,330627,46169,79367524
678286,2245,Hypereosinophilic syndrome,10048643,PT,13.635,9.652,15,386166,533,79357674
502562,1482,Agitation,10001497,PT,31.485,17.508,23,67428,99692,79577245
735466,962,Post procedural pulmonary embolism,10063909,PT,11.844,9.929,12,537007,275,79207094
675408,2233,White blood cell count decreased,10047942,PT,21.144,11.57,46,44476,188242,79511624
724304,852,Facial nerve disorder,10061457,PT,11.855,9.98,12,213247,710,79530419
546055,1826,Diarrhoea,10012735,PT,19.731,11.754,226,29972,880263,78833927
581890,2459,Hyperhidrosis,10020642,PT,22.274,16.843,34,46780,151458,79546116
678535,2803,Rheumatoid nodule,10048694,PT,11.086,10.629,17,203062,17421,79523888
710672,1751,Retroperitoneal haematoma,10058360,PT,15.404,11.343,28,1030009,5269,78709082
555054,708,Dystonia,10013983,PT,46.124,9.91,13,310246,21386,79412743
636033,4307,Premenstrual syndrome,10036618,PT,30.912,9.929,16,127092,550,79616730
681654,2868,Emotional distress,10049119,PT,32.252,11.324,10,120080,39959,79584339
726015,276,Respiratory syncytial virus infection,10061603,PT,24.13,9.695,53,144697,9349,79590289
720518,4967,Inflammation,10061218,PT,379.235,21.944,810,217125,92943,79433510
736049,353,Vaginal flatulence,10064227,PT,47.94,14.11,18,14669,2557,79727144
576421,269,Heart transplant rejection,10019315,PT,64.591,9.737,42,191047,1468,79551831
613020,2015,Myocardial infarction,10028596,PT,23.698,12.799,65,59365,184064,79500894
556626,2337,Electrocardiogram ST segment depression,10014391,PT,11.886,10.672,45,321836,4833,79417674
702408,4746,Clostridium difficile infection,10054236,PT,22.32,19.022,91,76889,42594,79624814
628967,1883,Penile swelling,10034319,PT,14.048,10.082,14,264758,652,79478964
695095,3317,Lymphocyte percentage decreased,10052231,PT,13.359,13.292,3,358784,4973,79380628
558991,105,Epilepsy,10015037,PT,35.078,10.042,139,511906,40721,79191622
660652,2352,Swelling,10042674,PT,18.852,15.529,23,24297,216688,79503380
778168,434,Vulvar basal cell carcinoma,10082639,PT,22.053,11.994,5,51134,30,79693219
742351,2836,Acute graft versus host disease in intestine,10066264,PT,15.136,9.97,5,570485,4036,79169862
509577,4024,Appendicitis,10003011,PT,109.817,22.735,42,4437,20752,79719157
598581,663,Knee arthroplasty,10023469,PT,46.374,9.723,36,236039,43212,79465101
517969,3658,Blood cholesterol increased,10005425,PT,53.318,38.547,37,3357,83683,79657311
697920,4706,Epigastric discomfort,10053155,PT,122.849,75.588,63,35163,7833,79701329
620138,52,Oedema,10030095,PT,33.553,11.207,1427,1171574,118153,78453234
764782,2253,Sinus node dysfunction,10075889,PT,30.333,11.135,34,1051271,7667,78685416
761153,939,Ischaemic enteritis,10074063,PT,28.827,13.369,10,114878,136,79629364
746499,2720,Disease complication,10067671,PT,51.647,17.502,51,128664,4886,79610787
749674,2706,Narrow anterior chamber angle,10068960,PT,16.52,10.771,7,110440,175,79633766
626343,5077,Pancreatitis acute,10033647,PT,29.013,19.679,8,83542,49596,79611242
690057,1407,Drug ineffective for unapproved indication,10051118,PT,26.177,9.855,170,439507,51068,79253643
679128,4932,Poor venous access,10048737,PT,29.225,21.693,17,5277,18132,79720962
648328,1481,Rhinorrhoea,10039101,PT,44.4,10.135,179,84378,75895,79583936
600691,2750,Linear IgA disease,10024515,PT,39.478,25.696,13,5943,3119,79735313
780436,962,Exposure to SARS-CoV-2,10084456,PT,19.746,9.929,43,536976,2001,79205368
666157,2834,Tooth disorder,10044034,PT,14.026,9.991,254,542909,25979,79175246
