id,identifier,id_type,struct_id,parent_match
1787681,4018106,VANDF,960,
469714,N0000011305,NUI,4280,
1753185,7738AS8324,UNII,1645,
1780931,108834004,SNOMEDCT_US,949,
1798482,CHEBI:85196,CHEBI,4823,
1734406,D007666,MESH_DESCRIPTOR_UI,3313,
1762663,134895,RXNORM,460,
1774387,006894,NDDF,433,
1753150,5G2K7O5D8S,UNII,1224,
1750220,DB15165,DRUGBANK_ID,5739,
1783737,372891006,SNOMEDCT_US,2715,
1788203,4018763,VANDF,1678,
1760037,755,INN_ID,2726,True
1783306,441816007,SNOMEDCT_US,2414,
469081,N0000180310,NUI,4116,
1767640,d07076,MMSL,1115,
1791647,C0004057,UMLSCUI,74,
1802110,CHEMBL186314,ChEMBL_ID,5132,
1734501,D009544,MESH_DESCRIPTOR_UI,1925,
1786188,59082006,SNOMEDCT_US,5109,
1745453,4204,IUPHAR_LIGAND_ID,1328,
1744924,2894,IUPHAR_LIGAND_ID,2799,
282151,D02904,KEGG_DRUG,4500,
1791546,C0004960,UMLSCUI,3013,
1740420,2727,PUBCHEM_CID,622,
1804335,CHEMBL1398654,ChEMBL_ID,598,
1785003,449042005,SNOMEDCT_US,4322,True
1750062,DB11412,DRUGBANK_ID,5541,
1752017,K5F4RU5VQJ,UNII,1430,
1787006,4017513,VANDF,52,
1758792,6473,INN_ID,38,
1778210,003001,NDDF,4418,
1758555,282,INN_ID,2370,
1763243,25789,RXNORM,1300,
1786470,771596001,SNOMEDCT_US,5276,
1742990,4034,PUBCHEM_CID,1649,
1741957,3926,PUBCHEM_CID,1580,
1785432,780831000,SNOMEDCT_US,4659,
1743240,134780,PUBCHEM_CID,4746,
1794485,C0057135,UMLSCUI,3125,
1791833,C0009003,UMLSCUI,695,
1759845,7213,INN_ID,4851,
1735437,D011761,MESH_DESCRIPTOR_UI,4597,
1796163,CHEBI:85993,CHEBI,4941,
281101,D00991,KEGG_DRUG,4349,
1807824,CHEMBL1568276,ChEMBL_ID,1869,
465665,N0000179639,NUI,1903,
1790311,4023900,VANDF,5140,
1804958,CHEMBL2107273,ChEMBL_ID,3231,
1794786,C0058677,UMLSCUI,4463,
1759181,9503,INN_ID,4928,
470895,N0000186573,NUI,4745,
1766784,6016,MMSL,639,
1745007,893,IUPHAR_LIGAND_ID,2281,
1763343,5966,RXNORM,1464,
1752176,76W6J0943E,UNII,1223,
1762874,3041,RXNORM,770,
1793376,C0008275,UMLSCUI,610,
1765101,203004,RXNORM,4706,
1771443,38770,MMSL,4325,
1781856,703785006,SNOMEDCT_US,1552,True
1797281,CHEBI:48390,CHEBI,647,
1794988,C2365117,UMLSCUI,4639,
1760709,1892-80-4,SECONDARY_CAS_RN,1149,
1773779,40677,MMSL,5511,
467023,N0000148200,NUI,2445,
1793097,C0021252,UMLSCUI,1443,
462693,4019488,VUID,722,
1791045,C4064080,UMLSCUI,5228,
1771829,d01296,MMSL,4554,True
1796840,CHEBI:16196,CHEBI,3400,
464792,N0000179426,NUI,1571,
1741268,60953,PUBCHEM_CID,480,
1757874,5124,INN_ID,853,
1746056,7075,IUPHAR_LIGAND_ID,1198,
1754960,73SM5SF3OR,UNII,5504,
1754790,T2M58D6LA8,UNII,4863,
1796190,CHEBI:82975,CHEBI,4832,
1774929,004886,NDDF,851,
1788380,4019854,VANDF,1880,True
280317,D00106,KEGG_DRUG,1034,
1751608,7AM2J46Z1Y,UNII,2558,
1788493,4019078,VANDF,2036,
1769693,5076,MMSL,2415,
1777353,006603,NDDF,3011,
1775762,007764,NDDF,1575,
1786540,781124007,SNOMEDCT_US,5314,
1763554,29903,RXNORM,1766,
1761006,182815-44-7,SECONDARY_CAS_RN,4405,
1777033,010986,NDDF,2653,
1754776,9BRV734R3E,UNII,4828,
1658530,C18090,KEGG_DRUG,5637,
1799340,CHEBI:134970,CHEBI,3792,
1796160,CHEBI:28834,CHEBI,4988,
1755656,20RD1DZH99,UNII,2374,
1793164,C0002335,UMLSCUI,138,
1769828,2022,MMSL,2500,
1787574,4020972,VANDF,832,
1762702,1297878,RXNORM,526,
1801268, P2E,PDB_CHEM_ID,913,
1750812,PF9462I9HX,UNII,5305,
1764405,60451,RXNORM,3131,
1734945,D017311,MESH_DESCRIPTOR_UI,183,
1779886,387501005,SNOMEDCT_US,284,True
1744615,198,IUPHAR_LIGAND_ID,99,
1799798,CHEBI:92927,CHEBI,2756,
1736552,C005272,MESH_SUPPLEMENTAL_RECORD_UI,1871,
1765162,196319,RXNORM,4804,
1805108,CHEMBL1697784,ChEMBL_ID,350,
280937,D00799,KEGG_DRUG,2740,
1802524,CHEMBL965,ChEMBL_ID,488,
1775004,003958,NDDF,912,
1778943,002905,NDDF,5103,
1734381,D014223,MESH_DESCRIPTOR_UI,2728,
1751343,99Z2744345,UNII,931,
1757264,2232,INN_ID,3766,
1795041,C0029276,UMLSCUI,4679,
1764016,9504,RXNORM,2414,
1798078,CHEBI:88839,CHEBI,4245,
1754319,TD3P7Q3SG6,UNII,4339,
1749314,DB06663,DRUGBANK_ID,4329,
1766181,4199,MMSL,209,
1801427,HZQ,PDB_CHEM_ID,3114,
1781254,387451002,SNOMEDCT_US,1150,
1793339,C0071043,UMLSCUI,2161,
281231,D01167,KEGG_DRUG,4293,
281864,D02176,KEGG_DRUG,513,
1743635,4870,PUBCHEM_CID,2228,
1770839,d05887,MMSL,4039,
1792914,C0032910,UMLSCUI,2240,
1796316,CHEBI:16015,CHEBI,1310,
1787179,4018019,VANDF,313,
1795402,C4305843,UMLSCUI,5358,
1768713,d06635,MMSL,1808,
1804325,CHEMBL2104207,ChEMBL_ID,462,
1756801,84,INN_ID,3163,
1804010,CHEMBL549,ChEMBL_ID,663,
1806391,CHEMBL1201779,ChEMBL_ID,4717,
1789843,4019926,VANDF,4523,
1789763,4017945,VANDF,4456,
1739933,95636,PUBCHEM_CID,3448,
1802791,CHEMBL44884,ChEMBL_ID,1073,
1735434,D007542,MESH_DESCRIPTOR_UI,4576,
1742522,30541,PUBCHEM_CID,4270,
1773097,32626,MMSL,5226,
1752434,7786W0VV8M,UNII,2196,
1750559,DB00640,DRUGBANK_ID,91,True
1767233,1568,MMSL,901,
1756260,335,INN_ID,92,
1795250,C3652645,UMLSCUI,4852,
1752844,W9769W09JF,UNII,2053,
1763998,203161,RXNORM,2385,
1758771,996,INN_ID,1505,
1753092,N7Z035406B,UNII,644,
1736411,C570223,MESH_SUPPLEMENTAL_RECORD_UI,4745,
1780188,323761001,SNOMEDCT_US,507,
1795686,C1321957,UMLSCUI,3739,
1736144,C000613732,MESH_SUPPLEMENTAL_RECORD_UI,5346,
1735428,D005601,MESH_DESCRIPTOR_UI,1896,
1774374,004214,NDDF,419,
1739043,9831643,PUBCHEM_CID,5473,
1757239,4804,INN_ID,629,
1806384,CHEMBL1416586,ChEMBL_ID,3685,
1745258,2790,IUPHAR_LIGAND_ID,957,
1059446,D08933,KEGG_DRUG,5247,
1796761,CHEBI:6904,CHEBI,1786,
1741607,3005573,PUBCHEM_CID,2709,
1776775,006273,NDDF,2402,
282485,D04399,KEGG_DRUG,1346,
1767029,64038,MMSL,784,
1736205,C531470,MESH_SUPPLEMENTAL_RECORD_UI,5209,
1750815,2R27AB6766,UNII,5308,
1790084,4033300,VANDF,4917,
1805161,CHEMBL383634,ChEMBL_ID,1302,
1806683,CHEMBL2108214,ChEMBL_ID,5021,
1805409,CHEMBL2105825,ChEMBL_ID,2280,
1768131,4899,MMSL,1452,
1742238,3741,PUBCHEM_CID,1471,
1774496,005102,NDDF,518,
1798053,CHEBI:70707,CHEBI,4223,
1789493,4021164,VANDF,4197,True
469530,N0000179014,NUI,4236,
1737436,C026211,MESH_SUPPLEMENTAL_RECORD_UI,3253,
1781288,8886003,SNOMEDCT_US,1176,
1778847,009929,NDDF,5015,
464718,4026631,VUID,1546,
1750026,DB14783,DRUGBANK_ID,5502,
1784295,54982006,SNOMEDCT_US,3345,
1765429,253158,RXNORM,5147,
1789713,4017706,VANDF,4383,
1740074,9570072,PUBCHEM_CID,3794,
1793129,C0071120,UMLSCUI,2194,
1794440,C0078792,UMLSCUI,4248,
1738187,C028508,MESH_SUPPLEMENTAL_RECORD_UI,5626,
1768911,5171,MMSL,1909,
1787313,4025237,VANDF,518,
1735791,D001507,MESH_DESCRIPTOR_UI,294,
1769930,172754,MMSL,2589,
1805471,CHEMBL262777,ChEMBL_ID,2807,
1736889,C045742,MESH_SUPPLEMENTAL_RECORD_UI,182,
281915,D02292,KEGG_DRUG,1273,
1757696,5271,INN_ID,2848,
1751459,UR9VPI71PT,UNII,1254,
1785603,703646006,SNOMEDCT_US,4801,
1805916,CHEMBL2218919,ChEMBL_ID,4366,
1790379,4036554,VANDF,5224,
1734490,D004316,MESH_DESCRIPTOR_UI,956,
1773046,32650,MMSL,5202,
281427,D01401,KEGG_DRUG,553,
1745608,7258,IUPHAR_LIGAND_ID,4137,
1781918,77496001,SNOMEDCT_US,1583,
463569,N0000179123,NUI,1064,
1752284,6U94N2D00F,UNII,2617,
1795316,C0040165,UMLSCUI,2646,
1766732,169210,MMSL,609,
1767363,59319,MMSL,972,
1782542,703481003,SNOMEDCT_US,1954,
1782227,734654003,SNOMEDCT_US,1771,
1744474,7402,IUPHAR_LIGAND_ID,2115,
1751325,0HXY3M6S54,UNII,3800,
1783010,55889005,SNOMEDCT_US,2241,
1756780,4942,INN_ID,1002,
1742953,313,PUBCHEM_CID,4568,
1748626,DB00775,DRUGBANK_ID,2680,
1749475,DB11129,DRUGBANK_ID,4445,
1799671,CHEBI:135340,CHEBI,310,
1760965,153773-82-1,SECONDARY_CAS_RN,1046,
1744392,520,IUPHAR_LIGAND_ID,395,
1749930,DB08902,DRUGBANK_ID,4961,
1771340,NOCODE,MMSL,4279,
1771523,26319,MMSL,4379,
1754727,48Z35KB15K,UNII,4778,
1773653,39042,MMSL,5456,
1801877,CHEMBL3545313,ChEMBL_ID,5382,
1760325,180200-66-2,SECONDARY_CAS_RN,1280,
1803798,CHEMBL222280,ChEMBL_ID,3042,
466790,4027430,VUID,2362,
1774216,004836,NDDF,277,
1765900,2637547,RXNORM,5730,
1792203,C0020823,UMLSCUI,1421,
1787338,4019663,VANDF,546,
1754564,24WE03BX2T,UNII,4619,
1776765,007559,NDDF,2392,
1780673,412169002,SNOMEDCT_US,799,
1737952,C105050,MESH_SUPPLEMENTAL_RECORD_UI,2579,
1798874,CHEBI:34902,CHEBI,1987,
1742360,4021,PUBCHEM_CID,4156,
1790352,4017941,VANDF,5193,True
1768755,d03835,MMSL,1827,
1750329,DB14481,DRUGBANK_ID,4448,
1775920,004408,NDDF,1720,
1750243,DB06205,DRUGBANK_ID,5033,
1807024,CHEMBL2103854,ChEMBL_ID,5299,
1751612,Q8BIH59O7H,UNII,141,
1808113,CHEMBL1200768,ChEMBL_ID,559,
1790363,4036360,VANDF,5201,
1791733,C0036584,UMLSCUI,3544,
1782899,53577004,SNOMEDCT_US,2157,
1807895,CHEMBL1708,ChEMBL_ID,2068,
1790369,4022538,VANDF,5205,
1781277,108650005,SNOMEDCT_US,1170,
1768362,4982,MMSL,1585,
462065,4022405,VUID,464,
1801956,CHEMBL227875,ChEMBL_ID,5344,
1771325,72010,MMSL,4275,
1735887,D013739,MESH_DESCRIPTOR_UI,4146,True
1794337,C0043832,UMLSCUI,4188,
1804862,CHEMBL76688,ChEMBL_ID,2452,
1776688,001707,NDDF,2330,
1747956,DB00758,DRUGBANK_ID,708,
1751132,3THM379K8A,UNII,4134,
1749102,DB08871,DRUGBANK_ID,4171,
1757106,6463,INN_ID,3377,
1744671,6814,IUPHAR_LIGAND_ID,1089,
1001534,D10611,KEGG_DRUG,5215,
1801986,CHEMBL278623,ChEMBL_ID,5271,
1290206,D11444,KEGG_DRUG,5380,
1785606,734611008,SNOMEDCT_US,4802,
1758064,3677,INN_ID,650,
1786457,763612000,SNOMEDCT_US,5268,
1768252,23072,MMSL,1534,
1760081,4425,INN_ID,3864,True
1755501,W13O82Z7HL,UNII,951,
1787906,4024030,VANDF,1247,
1756146,9467,INN_ID,5083,
1790602,4040592,VANDF,5464,
1751827,R3U09W4H4I,UNII,3656,
1757212,289,INN_ID,763,
1734977,D001553,MESH_DESCRIPTOR_UI,318,
1802813,CHEMBL267719,ChEMBL_ID,122,
1771708,11634,MMSL,4496,
1744961,7150,IUPHAR_LIGAND_ID,708,
280539,D00357,KEGG_DRUG,1610,
1754488,39R4TAN1VT,UNII,4528,
1750427,DB01344,DRUGBANK_ID,4871,True
1752519,30YP2YHH8W,UNII,44,
1765421,1242127,RXNORM,5138,
1767890,d04010,MMSL,1283,
1752833,27T1I13L6G,UNII,161,
1773241,288957,MMSL,5295,
1738191,C052319,MESH_SUPPLEMENTAL_RECORD_UI,5632,
1773366,40113,MMSL,5338,
1777284,006206,NDDF,2855,
1765078,1514,RXNORM,4667,True
1757113,316,INN_ID,3206,
1776833,011790,NDDF,2448,
469648,4019765,VUID,4265,
461153,N0000167009,NUI,48,
1761024,980-71-2,SECONDARY_CAS_RN,408,
1778687,006518,NDDF,4901,True
1750455,DB14126,DRUGBANK_ID,4944,True
1788275,4017413,VANDF,1766,
1766739,4422,MMSL,611,
1774244,007089,NDDF,297,
1773889,364958,MMSL,5709,
1808850,CHEMBL4650220,ChEMBL_ID,5713,
1798774,CHEBI:134865,CHEBI,1157,
1782471,386898005,SNOMEDCT_US,1904,
1805326,CHEMBL2146142,ChEMBL_ID,3180,
1768872,52690,MMSL,1887,
1423129,D03308,KEGG_DRUG,4577,
1782205,126074008,SNOMEDCT_US,1764,
1775208,005975,NDDF,1067,
1807550,CHEMBL3188576,ChEMBL_ID,890,
1788727,4017802,VANDF,2332,
1780572,387405003,SNOMEDCT_US,747,
1807093,CHEMBL2107115,ChEMBL_ID,3821,
1766622,1887,MMSL,542,
1772085,31822,MMSL,4752,
1785673,410964003,SNOMEDCT_US,4840,
1741620,656629,PUBCHEM_CID,1989,
1799007,CHEBI:134733,CHEBI,4838,
1779530,88551000,SNOMEDCT_US,25,
1766793,101,MMSL,645,
1787352,4017551,VANDF,565,
1796093,CHEBI:145994,CHEBI,5376,
1791805,C0012132,UMLSCUI,2856,
1735183,D016559,MESH_DESCRIPTOR_UI,2552,
1801904,CHEMBL3039502,ChEMBL_ID,5296,
1790794,C3179470,UMLSCUI,5400,
1745191,7288,IUPHAR_LIGAND_ID,2336,
1751126,S0737084O9,UNII,3801,
1772379,d08251,MMSL,4927,
1798721,CHEBI:135768,CHEBI,3467,
1781396,327363004,SNOMEDCT_US,1238,
1764836,183877,RXNORM,4335,
1736870,C004568,MESH_SUPPLEMENTAL_RECORD_UI,2647,
1755062,4888ME6C4E,UNII,5613,
1781997,765323009,SNOMEDCT_US,1631,
1760402,1075240-43-5,SECONDARY_CAS_RN,5299,
1758958,7884,INN_ID,4468,
1752497,X81L78B3RB,UNII,4050,
1756160,1451,INN_ID,5103,
1775624,002351,NDDF,1452,
1803585,CHEMBL96292,ChEMBL_ID,3296,
1781472,395945000,SNOMEDCT_US,1291,
1736139,C544967,MESH_SUPPLEMENTAL_RECORD_UI,5341,
1761346,357-08-4,SECONDARY_CAS_RN,1878,
1806680,CHEMBL1200848,ChEMBL_ID,4189,
1803965,CHEMBL1865135,ChEMBL_ID,2667,
1808846,CHEMBL4802223,ChEMBL_ID,1559,
1774743,007363,NDDF,708,
1764333,135775,RXNORM,2869,
1805893,CHEMBL1744033,ChEMBL_ID,4355,
1758101,1610,INN_ID,2841,
1734870,D002228,MESH_DESCRIPTOR_UI,492,
1741635,23663976,PUBCHEM_CID,1229,
1749365,DB13696,DRUGBANK_ID,3040,
283321,D07873,KEGG_DRUG,953,
1765099,1733681,RXNORM,4703,
1798873,CHEBI:80230,CHEBI,2002,
280843,D00686,KEGG_DRUG,2199,
1785621,710228002,SNOMEDCT_US,4810,
1768971,5183,MMSL,1952,
1771313,5469,MMSL,4271,
1734137,D000069583,MESH_DESCRIPTOR_UI,2255,
1751192,FO2303MNI2,UNII,4757,
1781680,372718005,SNOMEDCT_US,1427,
1782264,86131002,SNOMEDCT_US,1792,
1793091,C0172907,UMLSCUI,1227,
1743031,9831415,PUBCHEM_CID,1413,
1807626,CHEMBL1201019,ChEMBL_ID,563,
1787427,4020957,VANDF,661,
1774074,006089,NDDF,144,
1737590,C005886,MESH_SUPPLEMENTAL_RECORD_UI,3759,
1744889,4348,IUPHAR_LIGAND_ID,2870,
1803182,CHEMBL1752,ChEMBL_ID,976,
1759775,3230,INN_ID,192,
1770266,169290,MMSL,2798,
1801810,CHEMBL4297981,ChEMBL_ID,5418,
1747109,DB00600,DRUGBANK_ID,1834,
1794526,C0064875,UMLSCUI,3319,
1753721,U2368VVE7O,UNII,2174,
1747727,DB13294,DRUGBANK_ID,3011,
468339,N0000191551,NUI,3096,
1741233,3033341,PUBCHEM_CID,3843,
1780701,56156001,SNOMEDCT_US,820,
1779544,386965004,SNOMEDCT_US,39,
1759851,1751,INN_ID,155,
282425,D04105,KEGG_DRUG,1111,
1783866,441996005,SNOMEDCT_US,2792,
1762541,18603,RXNORM,271,
1807996,CHEMBL1201110,ChEMBL_ID,2798,
1763697,7514,RXNORM,1962,
1793187,C0052940,UMLSCUI,284,
1781483,26124005,SNOMEDCT_US,1301,
1777743,006963,NDDF,3851,
1762740,20024,RXNORM,579,
1754898,92C2328G7P,UNII,5020,
462338,N0000179299,NUI,575,
1752540,1W6L629B4K,UNII,3572,
463776,4021120,VUID,1153,
1796464,CHEBI:4466,CHEBI,835,
1799960,CHEBI:3481,CHEBI,528,
1797466,CHEBI:63611,CHEBI,1854,
462355,4024005,VUID,581,
1787856,4017728,VANDF,1199,
1749664,DB08884,DRUGBANK_ID,4646,
1798444,CHEBI:71200,CHEBI,4713,
1769398,d00084,MMSL,2244,True
1754930,AQK7UBA1LS,UNII,5364,
1804692,CHEMBL2219415,ChEMBL_ID,1267,
1750937,7SEV7J4R1U,UNII,5190,
1748216,DB01101,DRUGBANK_ID,480,
1748259,DB00524,DRUGBANK_ID,1783,
1767468,44346,MMSL,1043,
1760475,34535-83-6,SECONDARY_CAS_RN,1144,
1658563,D03667,KEGG_DRUG,5670,
1738469,C016217,MESH_SUPPLEMENTAL_RECORD_UI,159,
1804827,CHEMBL2105985,ChEMBL_ID,3081,
1742596,216416,PUBCHEM_CID,4308,
1767905,4788,MMSL,1310,
1754241,LW2E03M5PG,UNII,4299,
1768736,d00303,MMSL,1817,
1772683,31344,MMSL,5028,
1780130,259337002,SNOMEDCT_US,464,
1761576,129-46-4,SECONDARY_CAS_RN,2966,
1768915,7161,MMSL,1911,True
1742501,8378,PUBCHEM_CID,4247,
1793305,C0068483,UMLSCUI,1889,
1783510,373345002,SNOMEDCT_US,2561,
1805561,CHEMBL88055,ChEMBL_ID,2385,
1780305,28588009,SNOMEDCT_US,573,
1800618, 377,PDB_CHEM_ID,1679,
1748928,DB13428,DRUGBANK_ID,3759,
1765667,2477103,RXNORM,5424,
1760805,22930-85-4,SECONDARY_CAS_RN,914,
1808755,CHEMBL2106014,ChEMBL_ID,3706,
1769573,20324,MMSL,2355,
1742119,5282209,PUBCHEM_CID,3825,
1807566,CHEMBL2107635,ChEMBL_ID,715,
1779413,019300,NDDF,5574,
1802327,CHEMBL1788392,ChEMBL_ID,4849,
1779565,39064002,SNOMEDCT_US,57,
1750450,DB00783,DRUGBANK_ID,1064,True
1795781,C0373704,UMLSCUI,2256,True
1756131,8073,INN_ID,5157,
1794603,C0024072,UMLSCUI,3329,
1800209,CHEBI:17650,CHEBI,1390,True
1786744,1149244009,SNOMEDCT_US,5433,
1776095,006139,NDDF,1856,
1749729,DB13443,DRUGBANK_ID,4702,
1737204,C013769,MESH_SUPPLEMENTAL_RECORD_UI,2384,
1752100,980688H13O,UNII,1930,
1766893,89106,MMSL,704,
282962,D07145,KEGG_DRUG,4709,
1799369,CHEBI:135915,CHEBI,2643,
1784471,15810003,SNOMEDCT_US,3637,
1785889,407005009,SNOMEDCT_US,4959,
1766569,d03569,MMSL,499,
1804653,CHEMBL535,ChEMBL_ID,2544,
1762416,2375522,RXNORM,71,
1762623,19727,RXNORM,398,
1754273,S270N0TRQY,UNII,3957,
1753284,98QS4N58TW,UNII,969,
1770868,d01382,MMSL,4086,
1768876,1633,MMSL,1890,
1784905,419267005,SNOMEDCT_US,4263,
1761219,27912-14-7,SECONDARY_CAS_RN,431,
1745817,508,IUPHAR_LIGAND_ID,4482,
1799958,CHEBI:135558,CHEBI,425,
1795269,C0771407,UMLSCUI,3115,
1747505,DB13319,DRUGBANK_ID,4025,
1801524,TMN,PDB_CHEM_ID,2771,
1779818,406785006,SNOMEDCT_US,242,
1780141,1179628001,SNOMEDCT_US,471,
1783393,66602007,SNOMEDCT_US,2477,
1764037,593411,RXNORM,2448,
1762062,1218778-77-8,SECONDARY_CAS_RN,5008,
1754777,D3N32O7NLB,UNII,3303,
1770075,5169,MMSL,2689,True
1778341,002330,NDDF,4519,
1750225,DB15694,DRUGBANK_ID,5402,
1734403,D000077269,MESH_DESCRIPTOR_UI,3317,
1777209,001212,NDDF,2797,
1806936,CHEMBL2397415,ChEMBL_ID,5713,
1755863,6ZAY944SI4,UNII,3183,
1741081,5702160,PUBCHEM_CID,1129,
1782967,117182000,SNOMEDCT_US,2207,
1788433,4019342,VANDF,1955,
1790517,4020561,VANDF,5368,
1770692,227241,MMSL,3506,
1740291,4543,PUBCHEM_CID,1971,
1761818,1808-12-4,SECONDARY_CAS_RN,404,
1783713,417083005,SNOMEDCT_US,2701,
1780751,96191003,SNOMEDCT_US,843,
1755374,LVZ1VC61HB,UNII,573,
1772358,84277,MMSL,4918,
1740352,68194,PUBCHEM_CID,2516,
1772403,d07496,MMSL,4933,
1760650,960055-56-5,SECONDARY_CAS_RN,4682,
1787162,4018101,VANDF,281,
1761036,14976-57-9,SECONDARY_CAS_RN,671,
1746902,DB00780,DRUGBANK_ID,2123,
1779327,018753,NDDF,5460,
1778618,015295,NDDF,4820,
1735536,D005011,MESH_DESCRIPTOR_UI,5536,
1788172,4018682,VANDF,1622,
1749507,DB00817,DRUGBANK_ID,83,
1747859,DB06150,DRUGBANK_ID,2501,
1743724,60172,PUBCHEM_CID,88,True
1787867,4017725,VANDF,1210,
1807239,CHEMBL518520,ChEMBL_ID,2352,
1736634,C045166,MESH_SUPPLEMENTAL_RECORD_UI,394,
1770813,485,MMSL,3952,
1795481,C2975314,UMLSCUI,5548,
1800167,CHEBI:140296,CHEBI,2340,True
1780107,108924009,SNOMEDCT_US,444,
1772030,d00742,MMSL,4708,
1744675,564,IUPHAR_LIGAND_ID,2303,
281215,D01146,KEGG_DRUG,4894,
1773825,d09913,MMSL,5676,
1784567,13668001,SNOMEDCT_US,4024,
1735253,D043343,MESH_DESCRIPTOR_UI,4146,
1756822,6263,INN_ID,229,
1773281,34817,MMSL,5309,
1781311,1156232002,SNOMEDCT_US,1193,
1741776,54892,PUBCHEM_CID,2340,
1808336,CHEMBL1319362,ChEMBL_ID,1379,
1792276,C0038700,UMLSCUI,2520,
1785004,449561004,SNOMEDCT_US,4322,
1753002,JD3M24F66I,UNII,598,
1782388,387482003,SNOMEDCT_US,1865,
1770051,5587,MMSL,2676,
283553,D09696,KEGG_DRUG,4799,
1754189,VI4F0K069V,UNII,4120,
1791658,C0015116,UMLSCUI,1101,
1787075,4030909,VANDF,167,
1793542,C0076836,UMLSCUI,2709,
1780817,79332009,SNOMEDCT_US,875,
1752913,C7VOZ162LV,UNII,2463,
1737325,C046835,MESH_SUPPLEMENTAL_RECORD_UI,101,
1800804, ZMR,PDB_CHEM_ID,2859,
1774529,002727,NDDF,546,
1783801,52803004,SNOMEDCT_US,2749,
1745072,7271,IUPHAR_LIGAND_ID,2192,
469583,4019273,VUID,4249,
1751490,BRP7TI555O,UNII,2155,
1778921,004716,NDDF,5073,
1777393,010929,NDDF,3072,
1761184,64490-92-2,SECONDARY_CAS_RN,2699,
1736311,C087896,MESH_SUPPLEMENTAL_RECORD_UI,5044,
1775450,003858,NDDF,1299,
1736594,C004345,MESH_SUPPLEMENTAL_RECORD_UI,2735,
1770287,327252,MMSL,2805,
1787145,4017410,VANDF,260,
465843,4017871,VUID,1976,
1738432,C004451,MESH_SUPPLEMENTAL_RECORD_UI,3272,
1783183,116110009,SNOMEDCT_US,2349,
1774767,001370,NDDF,723,
1742787,3042,PUBCHEM_CID,868,
1751931,VZI5B1W380,UNII,2017,
1764931,8259,RXNORM,4478,
1786315,723539000,SNOMEDCT_US,5181,
1793713,C0247025,UMLSCUI,2680,
1754313,7WAL1X78KV,UNII,4338,
281044,D00924,KEGG_DRUG,564,
1757226,4057,INN_ID,658,
1796842,CHEBI:31177,CHEBI,98,
1786949,782177004,SNOMEDCT_US,5644,
1741245,13791,PUBCHEM_CID,1064,
1776243,002889,NDDF,1977,
1795075,C0126367,UMLSCUI,4705,
1746879,DB02701,DRUGBANK_ID,1906,
1771345,5563,MMSL,4281,
1774213,004302,NDDF,275,
1788411,4019858,VANDF,1909,
1766896,4480,MMSL,708,
1735363,D000077770,MESH_DESCRIPTOR_UI,4336,
280704,D00532,KEGG_DRUG,1313,
1738232,C000718190,MESH_SUPPLEMENTAL_RECORD_UI,5694,
1734647,D005445,MESH_DESCRIPTOR_UI,1202,
282398,D04023,KEGG_DRUG,1045,
1754985,3P4TQG94T1,UNII,5530,
1807429,CHEMBL1968477,ChEMBL_ID,580,
1769905,d04121,MMSL,2562,
1803772,CHEMBL258918,ChEMBL_ID,3342,
1781500,80870001,SNOMEDCT_US,1314,
1743614,24839622,PUBCHEM_CID,5192,
280495,D00311,KEGG_DRUG,1056,
1791617,C0038702,UMLSCUI,2521,
1783013,415158006,SNOMEDCT_US,2243,
1768378,d01025,MMSL,1599,
1769970,5559,MMSL,2610,
1758158,8010,INN_ID,1125,
1759770,1031,INN_ID,4583,
1772934,d04496,MMSL,5148,
1774404,005244,NDDF,440,
1755607,U0476M545B,UNII,1191,True
1767107,4552,MMSL,828,True
1789629,4024439,VANDF,4284,
1793470,C0012227,UMLSCUI,3141,
1767770,4697,MMSL,1213,
1747601,DB13489,DRUGBANK_ID,288,
1781101,96032005,SNOMEDCT_US,1048,
1755343,MZ1IW7Q79D,UNII,2798,
1782600,108674008,SNOMEDCT_US,1988,
1767298,8476,MMSL,942,
1766096,4165,MMSL,157,
1781760,387161000,SNOMEDCT_US,1490,
1738017,C531550,MESH_SUPPLEMENTAL_RECORD_UI,4907,
1747169,DB00262,DRUGBANK_ID,512,
1807044,CHEMBL4594265,ChEMBL_ID,5354,
1756224,9028,INN_ID,4915,
1757166,6535,INN_ID,2775,
1741805,2580,PUBCHEM_CID,517,
1757742,3064,INN_ID,1443,
1738809,C054577,MESH_SUPPLEMENTAL_RECORD_UI,2845,
1766137,4185,MMSL,184,
1787423,4019087,VANDF,657,
1765889,2631931,RXNORM,5712,
1766472,4304,MMSL,427,
1658454,,KEGG_DRUG,5561,
1785083,716226007,SNOMEDCT_US,4374,
1782197,387373008,SNOMEDCT_US,1759,
1758381,2248,INN_ID,692,
468309,N0000148787,NUI,3070,
1802408,CHEMBL3183184,ChEMBL_ID,4236,
1734719,D053243,MESH_DESCRIPTOR_UI,2859,
1799580,CHEBI:135041,CHEBI,225,
1736510,C007636,MESH_SUPPLEMENTAL_RECORD_UI,3189,
468187,N0000148818,NUI,2968,
1736537,C084810,MESH_SUPPLEMENTAL_RECORD_UI,286,
1767574,8602,MMSL,1064,True
1762863,106029,RXNORM,757,
1743217,9875401,PUBCHEM_CID,4182,
1790356,4024084,VANDF,5195,
281860,D02168,KEGG_DRUG,2707,
1755988,10112,INN_ID,5303,
1742901,24477,PUBCHEM_CID,4518,
1759638,1281,INN_ID,3456,
1785183,109066000,SNOMEDCT_US,4456,
1765275,356988,RXNORM,4959,
1756238,9472,INN_ID,4889,
1800273,CHEBI:28689,CHEBI,4049,True
1798215,CHEBI:135207,CHEBI,585,
280949,D00813,KEGG_DRUG,1529,
1777497,013315,NDDF,3249,
1789905,4019113,VANDF,4630,
1775206,002668,NDDF,1066,
1740840,135398745,PUBCHEM_CID,1982,
1802489,CHEMBL11608,ChEMBL_ID,2784,
1797343,CHEBI:41774,CHEBI,2561,
464108,N0000148810,NUI,1282,
1803873,CHEMBL2103774,ChEMBL_ID,2655,
1778864,016442,NDDF,5029,
1755959,9891,INN_ID,5382,
463321,4021201,VUID,957,
1780092,327301004,SNOMEDCT_US,436,
1759691,1259,INN_ID,2310,
1760810,138-92-1,SECONDARY_CAS_RN,357,
1746296,DB11932,DRUGBANK_ID,5403,
1760465,76924-93-1,SECONDARY_CAS_RN,1448,
1773681,d09772,MMSL,5465,
1773405,326780,MMSL,5353,
1766114,30525,MMSL,166,
1756170,9822,INN_ID,5069,
1767194,d00153,MMSL,866,
1752809,GU56C842ZA,UNII,1608,
281603,D01685,KEGG_DRUG,583,
1743514,9578507,PUBCHEM_CID,5617,
1766297,8263,MMSL,294,
1764273,10958,RXNORM,2784,
1753197,190230I669,UNII,2563,
1757092,295,INN_ID,1879,
466723,4020549,VUID,2340,
1780254,41722006,SNOMEDCT_US,546,
1777661,006566,NDDF,3538,
1778984,005159,NDDF,5144,
1773893,41206,MMSL,5710,
1759764,2308,INN_ID,1183,
1742986,61745,PUBCHEM_CID,4595,
1747691,DB01524,DRUGBANK_ID,214,
1781321,418221001,SNOMEDCT_US,1200,
1770472,41099,MMSL,2977,
1753250,7M1L7AS5QJ,UNII,3404,
1777214,009135,NDDF,2801,
1752579,4XO7A09HQM,UNII,3243,
1804390,CHEMBL1476605,ChEMBL_ID,3109,
1749166,DB13256,DRUGBANK_ID,717,
1789329,4017661,VANDF,3602,True
1735861,D008535,MESH_DESCRIPTOR_UI,1667,True
1738290,C077810,MESH_SUPPLEMENTAL_RECORD_UI,5314,
1800231,CHEBI:50211,CHEBI,4197,True
1804215,CHEMBL1503,ChEMBL_ID,1990,
1781909,387480006,SNOMEDCT_US,1579,
1740948,5761,PUBCHEM_CID,1621,
1743826,445354,PUBCHEM_CID,2372,True
1759977,1045,INN_ID,354,True
1745365,11740,IUPHAR_LIGAND_ID,1532,
1792531,C0301372,UMLSCUI,3216,
281604,D01686,KEGG_DRUG,560,
1799668,CHEBI:135174,CHEBI,1114,
1807952,CHEMBL541521,ChEMBL_ID,1579,
1768783,31558,MMSL,1854,
1758046,4462,INN_ID,2873,
1762838,21311,RXNORM,721,
1788529,4020738,VANDF,2068,
1748242,DB15489,DRUGBANK_ID,1793,
1768147,d01438,MMSL,1465,
1805131,CHEMBL1201187,ChEMBL_ID,1635,
1807481,CHEMBL1524185,ChEMBL_ID,1993,
1768570,5076,MMSL,1748,
1734222,D000077237,MESH_DESCRIPTOR_UI,244,
1786538,773605008,SNOMEDCT_US,5313,
1780385,57002000,SNOMEDCT_US,623,
1773952,002646,NDDF,26,
463867,4020178,VUID,1195,
1745689,3951,IUPHAR_LIGAND_ID,4337,
464870,4021228,VUID,1601,
1758213,7730,INN_ID,2214,
280784,D00617,KEGG_DRUG,1909,
1792924,C0008931,UMLSCUI,672,
1776434,002866,NDDF,2120,
1793120,C1642582,UMLSCUI,365,
1787093,4018832,VANDF,195,
1759563,947,INN_ID,3459,
1772675,d00513,MMSL,5025,
1784030,416512006,SNOMEDCT_US,2878,
1798165,CHEBI:28098,CHEBI,1520,
1795114,C0038623,UMLSCUI,4723,
1784864,111141006,SNOMEDCT_US,4245,
1755009,3XQ2233B0B,UNII,5556,
1778947,001328,NDDF,5107,
1759011,8206,INN_ID,4633,
1808848,CHEMBL3578202,ChEMBL_ID,5429,
1768845,458,MMSL,1881,
1734297,D000654,MESH_DESCRIPTOR_UI,184,
1789739,4019182,VANDF,4434,
1783597,45940009,SNOMEDCT_US,2620,
462305,4019668,VUID,565,
1784938,768524003,SNOMEDCT_US,4280,
1798039,CHEBI:17609,CHEBI,4213,
1738026,C502936,MESH_SUPPLEMENTAL_RECORD_UI,4933,
283132,D07325,KEGG_DRUG,596,
1757838,4505,INN_ID,3744,
1769397,71849,MMSL,2244,True
1774118,002947,NDDF,186,
1759834,808,INN_ID,3845,
1744606,5003,IUPHAR_LIGAND_ID,1429,
1740715,22419,PUBCHEM_CID,1988,
465342,N0000147091,NUI,1791,
280933,D00794,KEGG_DRUG,1613,
1753503,S79426A41Z,UNII,1212,
1757724,3604,INN_ID,1237,
283455,D08583,KEGG_DRUG,2625,
1792149,C0076783,UMLSCUI,2692,
1749958,DB08888,DRUGBANK_ID,5004,
1739412,2435,PUBCHEM_CID,395,
1738545,C068538,MESH_SUPPLEMENTAL_RECORD_UI,197,
1753754,GH9IW85221,UNII,2399,
1806296,CHEMBL1187724,ChEMBL_ID,4660,
1788525,4019877,VANDF,2065,
1797980,CHEBI:31530,CHEBI,4156,
1751114,Q4K217VGA9,UNII,4884,
283057,D07247,KEGG_DRUG,2602,
1802158,CHEMBL3039566,ChEMBL_ID,5121,
1756012,10147,INN_ID,5327,
1738299,C000630669,MESH_SUPPLEMENTAL_RECORD_UI,4979,
1779602,386934008,SNOMEDCT_US,87,
1748084,DB00273,DRUGBANK_ID,2706,
1740110,3033053,PUBCHEM_CID,847,
1782052,317957004,SNOMEDCT_US,1666,
1752279,F5AK41IPQG,UNII,2518,
1747199,DB00498,DRUGBANK_ID,2130,
1792211,C0054212,UMLSCUI,424,
1780189,34731007,SNOMEDCT_US,507,True
1750320,DB04660,DRUGBANK_ID,3906,
1757133,4445,INN_ID,1196,
1738454,C060146,MESH_SUPPLEMENTAL_RECORD_UI,3596,
1788934,4017626,VANDF,2611,
1758941,639,INN_ID,864,
1788670,4017876,VANDF,2253,
1786985,7561000,SNOMEDCT_US,5675,True
1793412,C0006462,UMLSCUI,437,
1777296,008183,NDDF,2866,
1789332,4017656,VANDF,3613,
467223,4018786,VUID,2528,
1742982,174,PUBCHEM_CID,4253,
1770182,5625,MMSL,2740,
1745557,6585,IUPHAR_LIGAND_ID,1040,
1763938,227666,RXNORM,2305,
1800984, CP0,PDB_CHEM_ID,1482,
468954,N0000146297,NUI,3959,
1791912,C0056852,UMLSCUI,764,
1784883,356076006,SNOMEDCT_US,4253,
1746620,DB01279,DRUGBANK_ID,5101,
1782225,27242001,SNOMEDCT_US,1771,True
1764773,21116,RXNORM,4259,
1768948,5178,MMSL,1942,
1795510,C0066470,UMLSCUI,5577,
1791950,C0609331,UMLSCUI,3512,
1737883,C058229,MESH_SUPPLEMENTAL_RECORD_UI,4613,
471668,4019994,VUID,5011,
1770505,NOCODE,MMSL,3067,
1658476,D05122,KEGG_DRUG,5583,
1805424,CHEMBL3989780,ChEMBL_ID,4106,
1789938,4034263,VANDF,4682,
1783499,108495009,SNOMEDCT_US,2551,
1786349,726518002,SNOMEDCT_US,5202,
1754247,S497LCF9C9,UNII,3379,
1774181,009852,NDDF,242,
1777435,006030,NDDF,3129,
1756287,437,INN_ID,1082,
1756659,1361,INN_ID,1843,
1784512,109119001,SNOMEDCT_US,3864,True
1771940,d00136,MMSL,4631,
1766670,d00056,MMSL,567,True
1800805, SCM,PDB_CHEM_ID,2468,
1773295,34963,MMSL,5315,
1789483,4017691,VANDF,4195,
1749370,DB01114,DRUGBANK_ID,616,
1745976,11628,IUPHAR_LIGAND_ID,5709,
1757472,3895,INN_ID,2241,
1744934,11287,IUPHAR_LIGAND_ID,989,
1771885,15490,MMSL,4607,
1762528,18346,RXNORM,247,
1795435,C5432268,UMLSCUI,5501,
1774789,004808,NDDF,741,
1747016,DB01230,DRUGBANK_ID,2075,
1779169,017682,NDDF,5319,
1762550,1292,RXNORM,282,
1775842,000633,NDDF,1644,
1742930,16490,PUBCHEM_CID,4548,
1775610,005733,NDDF,1437,
1807656,CHEMBL1213353,ChEMBL_ID,2264,
1773699,350582,MMSL,5472,
466347,4018760,VUID,2176,
1807545,CHEMBL3140370,ChEMBL_ID,274,
1757429,5726,INN_ID,3532,
1763819,203198,RXNORM,2133,
1737345,C031367,MESH_SUPPLEMENTAL_RECORD_UI,2587,
1804759,CHEMBL1276310,ChEMBL_ID,2587,
1797289,CHEBI:6339,CHEBI,1113,
1802332,CHEMBL2107830,ChEMBL_ID,4830,
1806031,CHEMBL2107567,ChEMBL_ID,4441,
1760520,34426-53-4,SECONDARY_CAS_RN,1908,
467618,4019951,VUID,2695,
1744360,9394,IUPHAR_LIGAND_ID,4890,
1770487,d04291,MMSL,2995,
1778010,006552,NDDF,4253,
1783882,129476000,SNOMEDCT_US,2801,
1739094,56649450,PUBCHEM_CID,5328,
1741853,60182,PUBCHEM_CID,1614,
1805948,CHEMBL1386,ChEMBL_ID,4392,
1771300,4779,MMSL,4265,
1802705,CHEMBL12856,ChEMBL_ID,201,
1789242,4020183,VANDF,3244,
1756045,10150,INN_ID,5260,
1800041,CHEBI:8389,CHEBI,4855,
1739904,47510,PUBCHEM_CID,1578,
1773878,d09916,MMSL,5703,
1743996,197020,PUBCHEM_CID,5377,True
1759020,130,INN_ID,3550,
1806182,CHEMBL2104340,ChEMBL_ID,4572,
1798643,CHEBI:62984,CHEBI,4269,
1775841,003997,NDDF,1643,
1795774,C0082787,UMLSCUI,1349,True
1744191,10100,IUPHAR_LIGAND_ID,5311,
1764183,11476,RXNORM,2666,
1806503,CHEMBL1201256,ChEMBL_ID,2754,
1780580,373779004,SNOMEDCT_US,751,
281677,D01804,KEGG_DRUG,461,
1789163,4020811,VANDF,2870,
1768004,4833,MMSL,1384,
1743482,20056431,PUBCHEM_CID,5579,
1762033,1151-11-7,SECONDARY_CAS_RN,1474,
1736872,C002714,MESH_SUPPLEMENTAL_RECORD_UI,1936,
1772595,d04805,MMSL,4994,
1807786,CHEMBL1200776,ChEMBL_ID,647,
1767103,d00206,MMSL,826,True
1742895,5282517,PUBCHEM_CID,102,
1757631,4327,INN_ID,2068,
1804329,CHEMBL895,ChEMBL_ID,1874,
1745745,5411,IUPHAR_LIGAND_ID,4610,
1792864,C0026933,UMLSCUI,1860,
1775753,007409,NDDF,1571,
1792249,C0038432,UMLSCUI,2483,
1762627,142426,RXNORM,403,
1808234,CHEMBL2105700,ChEMBL_ID,4741,
1761881,100678-32-8,SECONDARY_CAS_RN,630,
1802850,CHEMBL701,ChEMBL_ID,282,
1739064,9852519,PUBCHEM_CID,5285,
1770189,2986,MMSL,2745,
1805651,CHEMBL1963683,ChEMBL_ID,4229,
1734953,D009665,MESH_DESCRIPTOR_UI,1973,
1752504,CUB7JI0JV3,UNII,3083,
1779690,703352000,SNOMEDCT_US,147,
1798445,CHEBI:7731,CHEBI,1981,
1739126,11156438,PUBCHEM_CID,5261,
1745394,5485,IUPHAR_LIGAND_ID,415,
1777323,013118,NDDF,2967,
1742714,39765,PUBCHEM_CID,2811,
1759059,1122,INN_ID,4709,
1759177,9798,INN_ID,4924,
1798557,CHEBI:85265,CHEBI,5557,
1744178,12679,IUPHAR_LIGAND_ID,5295,
1777206,002634,NDDF,2795,
1745821,7393,IUPHAR_LIGAND_ID,4820,
1754533,9G0LAW7ATQ,UNII,1752,
1760421,945212-59-9,SECONDARY_CAS_RN,5271,
280425,D00234,KEGG_DRUG,249,
1736126,C000623308,MESH_SUPPLEMENTAL_RECORD_UI,5325,
283368,D08121,KEGG_DRUG,4586,
1806971,CHEMBL4297339,ChEMBL_ID,5411,
1757332,2509,INN_ID,2196,
1783144,13592004,SNOMEDCT_US,2328,
1738779,C001998,MESH_SUPPLEMENTAL_RECORD_UI,155,
1804663,CHEMBL7568,ChEMBL_ID,2338,
1782854,387127002,SNOMEDCT_US,2133,
1774644,003592,NDDF,624,
1756262,897,INN_ID,3632,
1786437,763592006,SNOMEDCT_US,5256,
1759708,7681,INN_ID,1575,
1759300,9385,INN_ID,5507,
1781476,712518000,SNOMEDCT_US,1293,
1760705,1211-28-5,SECONDARY_CAS_RN,2283,
1753766,WLT400RC9Q,UNII,3790,
1766562,4355,MMSL,496,
1763822,151623,RXNORM,2136,
463302,4023982,VUID,949,
1792318,C0086317,UMLSCUI,1253,
1798862,CHEBI:135475,CHEBI,3765,
1766230,353,MMSL,255,
1751119,V17MYO89WO,UNII,2156,
1755417,9CBM60191Z,UNII,162,
1785795,1217565003,SNOMEDCT_US,4921,
1783956,23433006,SNOMEDCT_US,2838,
1780419,725786001,SNOMEDCT_US,641,
1780025,387075009,SNOMEDCT_US,375,
1754257,3SZ9ZII529,UNII,3319,
1758478,2257,INN_ID,786,
1807597,CHEMBL1200745,ChEMBL_ID,2027,
1741460,5002,PUBCHEM_CID,2337,
1791139,C0733609,UMLSCUI,5102,
1783081,16970001,SNOMEDCT_US,2282,
1808149,CHEMBL2021430,ChEMBL_ID,3920,
1794167,C0085149,UMLSCUI,2552,
1761512,111750-68-6,SECONDARY_CAS_RN,1969,
1779054,018934,NDDF,5211,
1736065,C000707142,MESH_SUPPLEMENTAL_RECORD_UI,5477,
1774443,005296,NDDF,472,
1802702,CHEMBL1697739,ChEMBL_ID,752,
1742774,71890,PUBCHEM_CID,4689,
1742772,441853,PUBCHEM_CID,4408,
1778612,015344,NDDF,4816,
1744380,7372,IUPHAR_LIGAND_ID,4829,
1740463,3696,PUBCHEM_CID,1427,
1771542,2086,MMSL,4390,True
1801289, E20,PDB_CHEM_ID,946,
1762995,1430390,RXNORM,934,
1773966,002087,NDDF,48,
1770418,810,MMSL,2856,
1794608,C2828299,UMLSCUI,4194,
1780384,387317000,SNOMEDCT_US,623,
1802503,CHEMBL1098319,ChEMBL_ID,1711,
1798609,CHEBI:135455,CHEBI,2165,
1772897,7435,MMSL,5132,
1801041, 032,PDB_CHEM_ID,4185,
1760134,1000120-98-8,SECONDARY_CAS_RN,4747,
1738678,C000609116,MESH_SUPPLEMENTAL_RECORD_UI,4605,
1795503,C0065258,UMLSCUI,5570,
1807715,CHEMBL1697717,ChEMBL_ID,493,
280447,D00258,KEGG_DRUG,537,
1785145,387412007,SNOMEDCT_US,4425,
468304,N0000182969,NUI,3068,
1737779,C080598,MESH_SUPPLEMENTAL_RECORD_UI,4381,
1742517,3467,PUBCHEM_CID,4265,
1786860,373555004,SNOMEDCT_US,5563,
1800040,CHEBI:136036,CHEBI,4853,
1751968,3C5ORO99TY,UNII,2762,
468103,4023282,VUID,2856,
1735631,D019386,MESH_DESCRIPTOR_UI,112,
1740736,446220,PUBCHEM_CID,723,
280507,D00324,KEGG_DRUG,1201,
1798666,CHEBI:135312,CHEBI,3572,
1794620,C0149381,UMLSCUI,4343,
1807844,CHEMBL1200678,ChEMBL_ID,254,
1737274,C014792,MESH_SUPPLEMENTAL_RECORD_UI,2368,
1770251,5652,MMSL,2785,
