id,appl_type,appl_no,product_no,exclusivity_code,exclusivity_date
25731,A,209690,002,PC,2023-09-08
25054,N,215446,001,NP,2025-05-12
25056,N,216986,006,NCE,2027-09-21
25969,N,206111,001,PED,2026-12-20
24942,N,210868,001,NCE,2023-11-02
25945,N,202192,002,PED,2026-06-19
24454,N,204447,004,M-187,2024-01-22
24575,N,208558,002,ODE-180,2024-08-17
24420,N,202192,004,ODE-373,2028-09-22
25444,N,211635,002,ODE-279,2027-01-10
25715,N,214187,002,ODE-376,2028-06-10
24437,N,202276,001,M-282,2025-10-18
25757,N,212608,003,ODE-366,2027-01-09
25871,N,201281,001,PED,2026-12-20
24819,N,207981,002,ODE-229,2026-02-22
25282,N,212819,001,NCE,2024-07-16
26028,N,214358,003,PED,2024-12-21
24871,N,207924,003,NCE,2023-05-31
25784,N,215206,002,I-909,2026-04-17
24966,N,208658,004,M-296,2026-06-20
25370,N,214965,001,ODE-358,2028-06-23
25947,N,202192,002,PED,2025-03-22
25553,A,215338,001,CGT,2023-12-20
24104,N,021366,005,ODE-118,2023-05-27
24444,N,205832,002,ODE-261,2026-09-06
24691,N,209521,002,NCE,2023-10-01
25520,N,214662,001,ODE-379,2028-09-29
24893,N,206494,001,NPP,2025-12-20
24888,N,206947,001,M-269,2024-07-21
26026,N,214358,005,PED,2024-12-21
24745,A,209549,001,PC,2023-09-08
26029,N,214358,001,PED,2024-12-21
25373,N,214358,006,NP,2024-06-21
24761,N,211651,001,NCE,2023-10-16
25003,N,209376,002,NCE,2024-04-30
25101,N,213137,001,NCE,2024-11-25
25674,N,213246,002,ODE-409,2029-09-21
24135,N,021880,004,ODE-245,2026-05-28
24722,N,208611,001,NCE,2022-06-19
24159,N,022253,002,I-878,2023-11-16
25752,N,212608,001,ODE-434,2030-05-22
24909,N,207925,001,ODE-435,2030-05-03
25388,N,214200,001,NCE,2026-02-12
24234,N,201281,001,M-252,2023-03-30
24434,N,202270,001,M-187,2023-12-04
25068,N,215014,001,ODE-351,2028-05-14
25043,N,208232,001,NP,2023-06-26
25627,N,213871,001,NPP,2026-02-09
24095,N,021283,004,NPP,2024-04-19
25288,N,215498,004,ODE-436,2030-06-13
25337,N,212888,001,D-184,2025-01-31
25249,N,216718,001,ODE-427,2030-02-28
25396,N,209500,001,I-882,2024-12-17
25092,N,214907,001,NCE,2026-11-29
25214,N,214787,001,D-183,2025-01-21
25651,N,211230,001,ODE-254,2026-06-17
25193,N,217469,001,NP,2026-05-30
26003,N,208026,001,PED,2026-12-20
25896,N,204026,004,PED,2027-11-14
24156,N,022253,004,NPP,2024-10-14
24584,N,208558,001,ODE-180,2024-08-17
25063,N,212099,001,NCE,2024-07-30
24899,N,207925,003,ODE-190,2024-05-17
25210,N,212576,001,NCE,2025-07-07
24242,N,203565,003,NS,2024-04-28
25814,N,021986,005,PED,2025-05-09
25689,N,213535,001,ODE-400,2029-05-27
24229,N,201280,001,M-295,2026-06-20
24964,N,210922,001,NCE,2023-08-10
25033,A,209668,002,PC,2023-09-08
24785,N,207078,001,NCE,2023-05-18
24462,N,209115,003,I-830,2023-05-15
26049,N,021883,001,GAIN,2024-05-23
25924,N,201292,001,PED,2025-07-12
24323,N,204026,004,ODE-297,2027-05-14
25797,N,217759,001,NCE,2028-03-24
25995,N,208798,007,PED,2025-01-09
25220,N,215341,002,NCE,2026-07-09
24168,N,022291,005,ODE-210,2025-11-16
24814,N,208030,001,I-859,2024-04-30
25416,N,214103,001,NCE,2025-11-23
25057,N,216986,005,NCE,2027-09-21
24451,N,203255,001,ODE-268,2025-06-29
25137,N,212690,001,I-870,2024-08-12
24582,N,208558,002,I-914,2026-05-31
26034,N,215309,001,PED,2026-01-18
25929,N,205552,001,PED,2026-02-24
24872,N,207924,001,NCE,2023-05-31
24905,N,207925,001,ODE-190,2024-05-17
24534,N,208065,002,ODE-337,2027-12-18
25252,N,209445,001,NCE,2024-11-14
25762,N,212608,004,I-912,2026-05-22
24723,N,207987,002,ODE-192,2025-06-21
24996,N,211723,001,NCE,2025-01-23
24306,N,203341,003,ODE-163,2024-12-19
24869,N,207924,003,I-890,2025-06-13
25335,N,212888,001,NCE,2026-01-21
24528,N,211358,001,NPP,2025-09-02
25621,N,214517,001,ODE-329,2027-12-01
24777,N,209112,001,ODE-160,2024-10-02
25652,N,211994,001,I-839,2023-08-06
25313,N,214622,001,ODE-353,2028-05-28
26067,N,206494,001,GAIN,2025-02-25
24975,N,212306,001,NCE,2024-07-03
24858,N,207999,002,ODE-119,2023-05-27
24740,N,207223,001,NCE,2023-08-20
25165,N,213411,002,ODE-422,2030-01-19
24698,N,210563,001,ODE*,2023-05-06
25818,N,021986,004,PED,2025-05-09
25710,N,214900,001,I-903,2025-11-30
25624,N,213871,003,NCE,2027-01-14
25320,N,215401,001,NP,2025-03-22
24150,N,022200,002,NPP,2024-07-22
24469,N,208400,001,ODE-137,2024-04-25
24943,N,210868,001,ODE-218,2025-11-02
24668,N,209939,002,I-916,2026-06-05
25878,N,205641,003,PED,2023-02-12
25298,N,215498,001,ODE-363,2028-07-20
25690,N,213535,001,NPP,2025-05-27
25699,N,211281,001,NCE,2025-02-12
25872,N,201532,001,PED,2026-03-13
25866,N,022567,002,PED,2023-07-31
24088,N,021038,003,NPP,2025-12-16
25911,N,204114,002,PED,2024-12-22
25684,N,210730,003,NCE,2025-10-30
24753,N,209816,001,NCE,2023-10-02
24476,N,208716,002,I-877,2024-10-12
25971,N,209394,001,PED,2023-10-10
25607,N,213721,001,ODE-341,2027-12-01
24640,N,208743,001,M-270,2024-09-20
25764,N,212608,004,ODE-366,2027-01-09
26072,N,207500,002,GAIN,2025-03-06
24284,N,202806,002,ODE-147,2024-06-22
24056,N,019569,001,ODE-267,2026-06-28
24217,N,050708,003,ODE-360,2028-07-16
24096,N,021283,002,NPP,2024-04-19
24396,N,205552,001,ODE-109,2023-03-04
25242,N,215904,001,NCE,2027-06-01
24279,N,202714,002,I-842,2023-08-20
25494,N,211675,001,I-886,2025-03-16
25142,N,214998,004,NCE,2027-04-28
24182,N,022372,001,ODE-315,2027-08-05
25095,A,209663,002,PC,2023-09-08
24174,N,022304,002,NPP,2026-07-03
25016,N,215272,001,NCE,2027-05-23
25837,N,021660,001,PED,2023-06-06
24167,N,022255,001,NPP,2024-10-14
26035,N,215309,001,PED,2025-03-21
24933,N,209299,001,NCE,2023-04-17
24414,N,205625,003,M-290,2026-03-01
24968,N,208658,002,M-296,2026-06-20
25076,N,213586,005,NP,2026-04-28
25005,N,209376,001,NCE,2024-04-30
24373,N,203496,002,ODE-272,2026-10-18
26075,N,209363,001,GAIN,2027-09-15
25157,N,217660,001,NCE,2024-10-21
25527,N,212994,002,NCE,2026-05-07
24809,N,211288,002,ODE-213,2025-09-27
24483,N,208843,001,ODE-177,2024-12-21
24318,N,203985,003,ODE-169,2025-04-10
25842,N,022200,001,PED,2025-01-22
24395,N,205552,002,NPP,2025-08-24
24463,N,209115,002,ODE-168,2025-04-06
24271,N,202570,002,I-897,2025-07-14
25267,N,213736,003,I-899,2025-08-26
24225,N,050779,003,NPP,2023-11-23
24947,N,210868,001,I-847,2024-03-03
24583,N,208558,002,I-885,2025-03-11
25134,N,216951,001,NCE,2028-02-01
25558,N,211810,001,ODE-250,2026-08-02
25546,A,215408,001,CGT,2023-08-16
26064,N,211672,001,GAIN,2029-08-19
25641,N,213498,005,NCE,2026-03-18
24423,N,202192,003,ODE-373,2028-09-22
24974,N,212306,001,ODE-257,2026-07-03
25285,N,213756,002,NCE,2025-04-10
24501,N,210498,001,NCE,2023-06-27
25574,N,211950,001,NP,2024-10-22
25113,N,022348,001,M-128,2024-11-19
25406,N,214120,001,NP,2023-09-01
25030,N,211710,001,ODE-221,2025-11-26
24349,N,204114,001,ODE-148,2024-06-22
25498,N,213464,001,NCE,2025-08-06
24646,N,208772,001,ODE-300,2027-05-22
25289,N,215498,004,I-918,2026-06-13
24850,N,207620,002,M-82,2024-02-16
25903,N,204026,004,PED,2024-05-20
25310,N,213378,003,NCE,2026-05-28
25738,A,209710,001,PC,2023-09-08
25075,N,213586,007,NP,2026-04-28
26084,N,215650,001,GAIN,2029-12-07
25919,N,201292,003,PED,2025-10-07
24635,N,208447,001,I-833,2023-04-29
25371,N,214965,001,NP,2024-06-23
25728,N,214383,001,NCE,2026-02-26
24793,N,211192,001,ODE-203,2025-07-20
24861,N,208026,001,M-252,2023-03-30
24662,N,209279,001,ODE-161,2024-09-05
24682,N,205836,002,NPP,2024-08-27
25427,N,210136,005,NP,2026-05-23
24185,N,022406,004,I-867,2024-08-23
25777,N,212154,001,ODE-280,2027-08-12
24209,N,022567,002,M-254,2023-01-31
25116,N,214938,002,NCE,2026-11-19
26058,N,208611,001,GAIN,2027-06-19
25908,N,204114,002,PED,2025-12-22
24946,N,210868,001,ODE-349,2028-03-03
26015,N,208658,002,PED,2026-12-20
24708,N,210563,003,ODE*,2023-05-06
25091,N,213801,001,NP,2024-03-25
24817,N,208030,001,ODE-418,2028-04-30
24560,N,022225,002,M-262,2023-06-09
24240,N,201023,001,M-128,2023-12-18
25811,N,021986,002,PED,2026-06-21
25593,N,215358,001,ODE-381,2028-10-29
24352,N,204114,001,I-895,2025-06-22
24751,N,210806,001,NCE,2023-08-30
26033,N,215413,001,PED,2026-12-15
24330,N,204026,001,M-14,2023-11-20
25773,N,214155,001,NCE,2019-08-06
24784,N,207078,002,M-261,2023-04-24
24611,N,208573,002,ODE-185,2025-06-08
24351,N,204114,001,ODE-428,2030-03-16
25148,N,214998,001,NCE,2027-04-28
24916,N,210566,001,NPP,2024-08-18
24585,N,208558,001,ODE-181,2024-08-17
25713,N,214187,001,ODE-376,2028-06-10
24748,N,211109,001,NCE,2023-08-27
24907,N,207925,001,ODE-236,2026-04-29
24805,N,211288,001,NCE,2023-09-27
25395,N,209500,001,NCE,2024-12-20
25009,N,210598,001,NCE,2023-11-09
24289,N,202806,001,ODE-183,2025-05-04
24597,N,207946,005,NS,2024-08-30
24847,N,205422,001,I-913,2026-05-10
25040,N,212102,001,NP,2023-06-25
25180,N,211964,002,NCE,2026-04-02
25338,N,214377,001,NCE,2026-01-19
24123,N,021825,001,ODE-420,2028-04-30
24238,N,201699,001,NPP,2023-01-24
25321,N,215401,003,NP,2025-03-22
25065,N,212295,001,NCE,2025-10-06
25711,N,215110,001,M-259,2023-04-10
24620,N,208573,003,ODE-114,2023-04-11
24627,N,210854,003,NCE,2023-10-24
25913,N,204114,003,PED,2025-11-04
25511,N,209899,001,NCE,2025-03-25
24935,N,209566,001,ODE-207,2025-09-14
25434,N,211843,002,ODE*,2026-06-28
25319,N,215401,004,NP,2025-03-22
25720,N,216059,001,ODE-424,2030-01-27
24173,N,022304,003,NPP,2026-07-03
25340,N,214377,003,NCE,2026-01-19
25519,N,214662,001,ODE-429,2030-03-13
24430,N,202192,001,M-285,2025-12-19
25609,N,213721,001,ODE-318,2027-09-04
25041,N,212102,001,I-887,2025-03-25
24340,N,204114,003,I-895,2025-06-22
25130,N,216951,003,NCE,2028-02-01
25530,N,214793,001,NCE,2026-05-26
25315,N,214622,002,ODE-353,2028-05-28
25034,N,211996,001,NCE,2024-05-03
24377,N,205596,001,ODE-355,2028-06-17
25951,N,202192,003,PED,2026-11-24
24085,N,022087,001,NPP,2023-07-17
24860,N,208026,002,M-295,2026-06-20
25515,N,211988,004,NP,2024-05-12
25254,N,213217,001,NCE,2024-11-14
24379,N,205437,003,ODE-248,2026-07-19
24333,N,204063,002,M-260,2023-02-05
25986,N,210563,001,PED,2026-02-24
24416,N,202192,005,M-285,2025-12-19
25890,N,202992,001,PED,2024-10-30
24418,N,202192,004,ODE-238,2026-05-24
24702,N,210563,002,ODE*,2023-03-04
25201,N,212038,002,M-82,2024-06-28
25721,N,216059,001,NCE,2028-01-27
25074,N,213586,006,NP,2026-04-28
24952,N,210868,002,ODE-349,2028-03-03
25106,N,212839,004,NCE,2025-03-10
25594,N,215650,001,NP,2024-12-07
25344,N,217171,001,NCE,2026-05-14
24250,N,203094,001,ODE-260,2026-08-22
24876,N,209805,002,M-275,2024-09-17
25915,N,204114,001,PED,2025-11-04
24108,N,021427,004,NPP,2023-04-20
24778,N,204441,004,ODE-178,2025-04-23
25045,N,213478,001,ODE-391,2029-03-22
25483,N,212327,001,ODE-259,2026-08-16
24357,N,204384,001,ODE-307,2027-05-27
25435,N,211843,001,ODE*,2026-06-28
25588,N,215358,002,NCE,2026-10-29
25138,N,212690,001,ODE-369,2028-08-12
24399,N,205552,001,ODE-405,2029-08-24
25382,N,215039,001,NCE,2024-05-24
26079,N,207356,001,GAIN,2030-09-28
25276,N,215596,001,NCE,2026-11-23
25084,N,212273,002,ODE-357,2028-06-08
25726,N,214018,001,M-286,2025-10-27
24345,N,204114,002,ODE-428,2030-03-16
24146,N,021882,002,M-263,2023-07-23
25749,N,212608,001,I-863,2024-06-16
24308,N,203341,001,ODE-163,2024-12-19
25080,N,213586,001,NP,2026-04-28
24206,N,022512,001,I-862,2024-06-21
25166,N,213411,001,ODE-309,2027-04-17
25274,N,213736,001,ODE-404,2029-08-26
25662,N,213591,001,NCE,2025-05-06
24369,N,204569,003,M-253,2023-01-29
24827,N,208684,002,ODE-130,2024-02-09
25206,N,212038,003,M-82,2024-06-28
25312,N,214622,001,NCE,2026-05-28
24684,N,205838,001,NPP,2024-08-27
25643,N,213498,001,NCE,2026-03-18
25888,N,202806,001,PED,2025-10-30
24727,N,206709,001,ODE-198,2025-08-20
24130,N,021880,005,ODE-131,2024-02-22
26040,N,213491,001,PED,2023-02-14
25959,N,207589,001,PED,2023-01-30
24589,N,208558,001,I-831,2023-05-08
24152,N,022202,001,NPP,2024-05-25
24637,N,209570,002,ODE-154,2024-08-29
25898,N,204026,003,PED,2027-11-14
25412,N,213793,001,ODE-402,2029-06-16
24660,N,209363,001,I-866,2024-06-30
26016,N,208658,001,PED,2026-12-20
25906,N,204026,001,PED,2024-05-20
25470,N,211150,002,ODE-255,2026-08-14
25505,A,211607,001,PC,2023-06-27
24864,N,207968,002,M-263,2023-07-23
25807,N,021986,006,PED,2026-06-21
25204,N,212038,001,M-82,2024-06-28
25976,N,206192,001,PED,2026-01-28
25970,N,209394,001,PED,2028-12-10
25791,N,213426,001,NP,2024-10-15
25232,A,207971,001,PC,2023-03-20
26005,N,208341,001,PED,2028-12-10
25366,N,213716,001,NCE,2026-01-22
24181,N,022362,001,M-232,2024-10-20
24275,N,202570,001,ODE-407,2029-07-14
24415,N,202192,005,ODE-238,2026-05-24
24928,N,209176,002,ODE*,2024-05-05
24139,N,021880,002,ODE-131,2024-02-22
24489,N,210491,001,NCE,2023-02-12
24766,N,208692,001,I-854,2024-01-22
24480,N,208716,003,NPP,2024-10-12
25304,N,208711,001,ODE-228,2026-02-13
24059,N,021986,005,ODE-164,2024-11-09
25705,N,201110,001,NP,2023-04-29
25561,N,210875,003,NP,2023-05-21
24101,N,021323,002,NPP,2026-05-12
24315,N,203469,001,I-849,2023-12-18
25893,N,203389,002,PED,2023-02-14
25376,N,214358,002,NP,2024-06-21
26076,N,209776,001,GAIN,2027-08-29
25992,N,208799,001,PED,2025-01-09
25909,N,204114,001,PED,2025-12-22
25716,N,214187,002,M-277,2025-04-27
24155,N,022253,004,I-878,2023-11-16
24749,N,210807,001,NCE,2023-08-30
24113,N,021606,001,ODE-125,2023-10-18
25275,N,213736,001,I-899,2025-08-26
25632,N,213036,001,NCE,2025-05-26
24676,N,209940,001,ODE-423,2030-06-05
25928,N,205552,002,PED,2026-02-24
24215,N,050794,001,I-889,2025-05-20
24868,N,207924,002,NCE,2023-05-31
24448,N,203255,004,ODE-268,2025-06-29
25492,N,211675,001,I-919,2026-05-18
24750,N,210807,001,NPP,2025-01-27
24312,N,203469,004,I-849,2023-12-18
24849,N,205422,004,I-913,2026-05-10
25127,N,215866,003,NCE,2027-05-13
24720,N,208798,007,NS,2024-07-09
25379,N,215390,001,NP,2025-04-05
25696,N,213082,001,NP,2023-09-25
25768,N,212608,005,ODE-356,2028-06-16
24316,N,206334,001,NCE,2019-08-06
25153,N,217660,002,ODE-433,2030-04-26
24051,N,020819,001,ODE*,2023-10-18
25458,N,215256,001,NPP,2025-12-23
25384,N,215039,003,NCE,2024-05-24
25528,N,212994,001,NCE,2026-05-07
24354,N,204275,001,NPP,2026-05-13
25491,N,211675,001,I-880,2024-12-14
25378,N,215390,002,NP,2025-04-05
25256,N,213217,001,I-871,2024-08-31
25518,N,214662,001,NCE,2026-09-29
24065,N,021986,002,ODE-164,2024-11-09
24296,N,203085,001,ODE-139,2024-04-27
24573,N,209394,001,M-259,2023-04-10
25020,N,210861,001,ODE-221,2025-11-26
24495,N,210251,001,NCE,2023-02-07
25598,N,217513,001,ODE-428,2030-03-16
24329,N,204026,002,ODE-296,2027-05-14
24601,N,206192,001,I-902,2025-10-28
25790,N,213978,001,NP,2024-10-15
25635,N,213498,006,NCE,2026-03-18
25939,N,202192,003,PED,2029-03-22
24347,N,204114,001,ODE-182,2025-04-30
25186,N,214755,004,NP,2026-05-01
24920,N,208341,002,ODE-376,2028-06-10
25350,N,211733,001,NP,2023-02-28
25445,N,211635,003,ODE-279,2027-01-10
24350,N,204114,001,I-908,2026-03-16
26041,N,215110,001,PED,2028-12-10
24621,N,208573,003,ODE-185,2025-06-08
24389,N,205053,001,ODE-355,2028-06-17
24608,N,208082,002,ODE-134,2024-04-03
26062,N,212862,001,GAIN,2029-08-14
24307,N,203341,002,ODE-163,2024-12-19
24670,N,209939,001,ODE-423,2030-06-05
24894,N,207925,005,ODE-435,2030-05-03
25121,N,214938,001,ODE-387,2028-11-19
25910,N,204114,003,PED,2024-12-22
24188,N,022406,003,M-284,2023-03-10
24213,N,022580,002,NPP,2025-06-24
24606,N,208082,001,ODE-134,2024-04-03
25698,N,202408,001,ODE-235,2026-03-29
24097,N,021283,001,NPP,2024-04-19
24594,N,208944,002,ODE-153,2024-08-24
24815,N,208030,001,ODE-417,2028-04-30
25150,N,214998,003,ODE-398,2029-04-28
25937,N,202192,005,PED,2029-03-22
24644,N,208772,002,I-847,2023-05-22
25430,N,210136,001,NP,2026-05-23
25682,N,211617,001,NCE,2025-02-21
24925,N,208341,001,ODE-376,2028-06-10
25904,N,204026,003,PED,2024-05-20
24472,N,208610,001,NCE,2022-06-19
25118,N,214938,003,NCE,2026-11-19
24984,N,212306,003,ODE*,2027-06-22
24490,N,210491,001,ODE-173,2025-02-12
25324,N,209884,003,M-274,2025-03-01
24433,N,202270,002,M-187,2023-12-04
25316,N,214487,001,ODE-377,2028-10-07
26070,N,211109,002,GAIN,2028-08-27
25905,N,204026,002,PED,2024-05-20
24048,N,020263,009,NS,2026-04-14
25744,N,212608,002,I-864,2024-06-16
24875,N,209805,001,M-275,2024-09-17
24604,N,208082,003,ODE-134,2024-04-03
25712,N,215110,001,ODE-372,2028-06-10
24409,N,205551,001,M-294,2026-06-15
24673,N,209940,002,ODE-423,2030-06-05
25769,N,212608,005,ODE-434,2030-05-22
24163,N,022254,001,I-878,2023-11-16
25940,N,202192,002,PED,2029-03-22
24625,N,206488,002,ODE-122,2023-09-19
24384,N,205437,002,I-884,2024-12-20
25272,N,213736,001,NCE,2025-04-17
25756,N,212608,003,ODE-434,2030-05-22
24249,N,203565,001,NPP,2024-11-19
25448,N,212123,002,NCE,2025-05-28
24558,N,022225,001,M-291,2024-01-22
24078,N,022044,001,M-187,2023-12-04
24941,A,209613,002,PC,2023-09-08
25864,N,022518,003,PED,2023-02-12
24595,A,209601,001,PC,2023-09-08
24728,N,206709,001,NCE,2023-08-20
25225,N,215092,001,NCE,2027-09-22
24455,N,204447,003,M-267,2023-11-13
24841,N,205422,003,I-913,2026-05-10
25835,N,021506,003,PED,2023-06-20
24774,N,208692,003,I-854,2024-01-22
25207,N,212018,001,NCE,2024-04-12
24341,N,204114,002,ODE-182,2025-04-30
24353,N,204275,003,NS,2026-05-13
24967,N,208658,001,M-296,2026-06-20
25746,N,212608,002,ODE-434,2030-05-22
24194,N,022433,002,I-851,2023-05-28
25060,N,216986,002,NCE,2027-09-21
24378,N,205596,001,I-881,2024-06-17
25901,N,204026,001,PED,2027-11-14
24671,N,209939,001,I-916,2026-06-05
25863,N,022512,001,PED,2024-12-21
25455,N,215256,003,NP,2024-06-04
24466,N,209115,001,I-830,2023-05-15
24741,N,207223,001,ODE-403,2029-07-14
24526,N,211358,002,ODE-408,2029-09-02
25151,N,214998,003,NCE,2027-04-28
24812,N,208030,002,ODE-417,2028-04-30
24383,N,205437,002,M-257,2023-04-10
24401,N,205677,001,I-850,2023-12-01
25838,N,022185,001,PED,2023-01-25
25352,N,214231,001,NCE,2026-03-22
24661,N,209363,001,NPP,2025-01-26
24087,N,021038,004,NPP,2025-12-16
24667,N,209939,002,ODE-423,2030-06-05
26031,N,217003,001,PED,2030-02-24
25672,N,213246,002,ODE-303,2027-05-08
25014,N,215152,001,NCE,2027-05-03
25059,N,216986,003,NCE,2027-09-21
24128,N,021880,006,ODE-241,2026-05-28
24482,N,208843,002,ODE-177,2024-12-21
25189,N,214755,003,ODE-431,2030-05-01
24709,N,210563,003,ODE*,2024-08-02
24149,N,022195,001,NPP,2024-06-02
24689,N,210115,001,ODE-360,2028-07-16
25244,A,202073,002,PC,2023-11-28
25300,N,215498,002,ODE-436,2030-06-13
24276,N,202570,001,I-897,2025-07-14
26080,N,210910,001,GAIN,2028-11-16
26078,N,209817,001,GAIN,2028-10-02
25855,N,022433,002,PED,2025-11-09
25001,N,213687,001,ODE-311,2027-06-30
25421,N,214916,001,NCE,2026-08-23
25277,N,215596,001,ODE-388,2028-11-23
25539,N,215974,001,NCE,2027-12-22
25510,N,209899,003,NCE,2025-03-25
24512,N,206111,001,NPP,2026-06-20
26002,N,208026,002,PED,2026-12-20
24555,N,204370,004,I-904,2025-12-16
25467,A,208768,001,PC,2023-12-26
25776,N,212154,001,NCE,2025-08-12
25489,N,211675,001,NCE,2024-08-16
25596,N,216157,001,ODE-394,2028-12-17
24281,N,202714,001,I-842,2023-08-20
25626,N,213871,001,NCE,2027-01-14
25129,A,214136,001,CGT,2023-03-13
26055,N,207501,001,GAIN,2027-03-06
26006,N,208341,002,PED,2024-01-14
26025,N,214358,006,PED,2024-12-21
24603,N,206192,001,ODE-416,2029-10-28
24633,N,208447,001,ODE-277,2026-10-23
24510,N,206111,003,NPP,2026-06-20
24998,N,211723,001,I-836,2023-06-18
24692,N,209521,001,NCE,2023-10-01
25417,N,214103,001,ODE-415,2029-10-06
24855,N,204630,002,ODE*,2023-04-08
24331,N,204026,001,ODE-297,2027-05-14
24494,N,210251,002,NCE,2023-02-07
24852,N,207620,001,M-82,2024-02-16
25659,N,213150,001,I-829,2023-05-01
24112,N,021606,002,ODE-125,2023-10-18
24106,N,021366,003,ODE-118,2023-05-27
24303,N,203214,001,NPP,2023-09-25
25599,N,217513,001,NP,2026-03-16
25815,N,021986,003,PED,2025-05-09
25537,N,212304,002,NP,2025-03-11
25709,N,214900,001,NCE,2026-06-01
25456,N,215256,003,NPP,2025-12-23
24701,N,210563,002,ODE-405,2029-08-24
24820,N,208984,001,NPP,2023-10-30
25981,N,208082,002,PED,2024-10-03
25714,N,214187,001,M-277,2025-04-27
25044,N,211746,001,NP,2025-01-13
25495,N,211675,003,NCE,2024-08-16
25339,N,214377,002,NCE,2026-01-19
25025,N,210861,002,ODE-220,2025-11-26
24067,N,021986,001,ODE-164,2024-11-09
26051,N,205435,001,GAIN,2024-06-20
26083,N,214155,001,GAIN,2024-08-06
24719,N,208798,004,NPP,2024-07-09
25697,N,214510,001,NP,2025-04-22
24918,N,208341,002,NS,2023-03-19
24656,N,205555,002,ODE-143,2024-05-01
26037,N,213491,002,PED,2025-06-22
24717,N,208799,004,M-61,2024-07-09
24256,N,205834,002,ODE*,2024-04-07
24336,N,204114,003,ODE-183,2025-05-04
24979,N,212306,002,ODE*,2027-06-22
24973,A,209700,001,PC,2023-09-08
24456,N,204447,003,M-187,2024-01-22
25164,N,213411,002,I-906,2026-01-19
24070,N,021995,002,M-187,2023-12-04
24252,N,205436,001,NPP,2023-06-19
25032,A,209668,001,PC,2023-09-08
24388,N,205053,001,NPP,2024-05-31
25618,N,212728,001,I-865,2024-05-27
25294,N,215498,003,ODE-363,2028-07-20
25961,N,207695,001,PED,2023-09-23
24655,N,205555,002,ODE-191,2024-05-01
25197,N,209511,001,NP,2023-08-28
24579,N,208558,002,ODE-306,2027-05-08
24679,N,205836,003,NPP,2024-08-27
24129,N,021880,006,ODE-245,2026-05-28
24712,N,210563,004,ODE*,2023-03-04
24099,N,021290,001,ODE*,2024-09-05
24881,N,209806,002,M-275,2024-09-17
25314,N,214622,002,NCE,2026-05-28
25739,A,209710,002,PC,2023-09-08
25512,N,209899,001,I-860,2024-05-27
24609,N,208082,002,M-54,2024-06-24
24142,N,021880,001,ODE-131,2024-02-22
25912,N,204114,001,PED,2024-12-22
25799,N,213051,003,M-252,2023-01-16
24983,N,212306,003,ODE*,2026-07-03
25048,A,216295,001,CGT,2023-03-08
25613,N,211349,001,ODE-222,2025-11-28
25694,N,213969,002,NCE,2025-11-20
25119,N,214938,003,ODE-387,2028-11-19
25463,N,215256,004,NP,2024-06-04
24772,N,208692,002,I-873,2024-09-17
25058,N,216986,004,NCE,2027-09-21
25589,N,215358,002,ODE-381,2028-10-29
24961,N,208623,001,NCE,2023-08-10
25128,N,215866,002,NCE,2027-05-13
25486,N,211675,002,I-883,2025-01-14
24208,N,022567,003,M-254,2023-01-31
25341,N,214154,001,NCE,2026-04-15
25719,N,216059,002,NCE,2028-01-27
24756,N,211172,001,ODE-212,2025-10-05
25536,A,209348,002,PC,2023-03-06
25978,N,208082,002,PED,2024-12-24
25436,N,216974,001,NCE,2028-05-23
24334,N,204063,001,M-260,2023-02-05
25943,N,202192,004,PED,2026-06-19
24822,N,208684,003,ODE-252,2026-06-07
24064,N,021986,003,ODE-225,2025-12-21
25297,N,215498,001,I-918,2026-06-13
25617,N,212728,001,NCE,2025-02-27
24796,N,211192,001,ODE-368,2028-08-25
25916,N,204114,003,PED,2025-10-30
25261,N,213217,001,ODE-370,2028-09-14
24900,N,207925,003,ODE-199,2025-08-15
24183,N,022387,001,I-856,2024-03-31
25701,N,213491,001,ODE*,2024-12-22
24731,N,206709,002,ODE-198,2025-08-20
25722,N,217639,001,NCE,2028-01-27
24259,N,204671,002,ODE*,2024-04-07
25622,N,213871,002,NCE,2027-01-14
25584,N,214665,002,NCE,2026-05-28
25035,N,211996,001,ODE-237,2026-05-03
24136,N,021880,003,ODE-131,2024-02-22
24948,N,210868,002,NCE,2023-11-02
24346,N,204114,002,I-895,2025-06-22
26020,N,212102,001,PED,2025-09-25
25813,N,021986,006,PED,2025-05-09
24650,N,208772,003,I-847,2023-05-22
25447,N,212123,001,NCE,2025-05-28
24939,N,211155,002,ODE-208,2025-09-24
24151,N,022200,001,NPP,2024-07-22
25547,N,216403,002,ODE-389,2030-02-17
24902,N,207925,003,ODE-338,2027-12-21
24093,N,021248,002,ODE-167,2025-01-12
25555,N,212862,001,ODE-253,2026-08-14
24816,N,208030,001,ODE-419,2028-04-30
25821,N,021995,001,PED,2024-06-04
24954,N,210365,001,NCE,2023-09-28
24576,N,208558,002,ODE-181,2024-08-17
25805,N,212477,002,ODE-263,2026-08-28
24703,N,210563,002,ODE*,2024-08-02
24529,N,211358,001,ODE-408,2029-09-02
25724,N,214018,001,ODE-342,2028-02-26
24969,N,208264,001,ODE-129,2024-01-26
24838,N,205422,002,NPP,2024-12-27
24619,N,208573,001,M-265,2023-10-16
24158,N,022253,003,NPP,2024-10-14
25205,N,212038,006,M-82,2024-06-28
25894,N,203389,001,PED,2023-02-14
24999,N,211723,001,ODE-314,2027-06-18
25665,N,213246,001,ODE-301,2027-05-08
26036,N,209964,001,PED,2026-10-22
25085,N,212273,001,NCE,2023-02-12
26043,N,215110,001,PED,2023-10-10
24110,N,021427,001,NPP,2023-04-20
25411,N,213793,001,NCE,2025-11-25
24380,N,205437,003,M-257,2023-04-10
24049,N,020819,003,ODE*,2023-10-18
24798,N,210795,001,NCE,2023-07-20
25413,N,213793,001,I-892,2025-06-16
24190,N,022406,002,M-284,2023-03-10
25211,N,212576,001,ODE-316,2027-07-07
25560,N,210875,005,NP,2023-05-21
25259,N,213217,001,I-874,2024-09-14
25173,N,213189,001,NCE,2025-12-14
25390,N,209569,001,ODE-282,2026-12-20
25566,N,212269,001,ODE-421,2028-04-30
24246,N,203565,002,NPP,2024-11-19
24508,N,210496,001,I-826,2023-04-08
24207,N,022562,001,ODE-345,2028-01-22
25603,N,213422,001,NDF,2023-07-20
25096,A,209663,001,PC,2023-09-08
25327,N,209884,001,NCE,2024-03-26
25681,N,209510,001,NCE,2025-02-26
24131,N,021880,005,ODE-241,2026-05-28
25932,N,205552,001,PED,2025-02-02
25531,N,214846,001,NCE,2025-12-18
25610,N,208078,001,NCE,2023-11-28
25882,N,202806,001,PED,2025-12-22
24475,N,208716,001,I-877,2024-10-12
24337,N,204114,003,ODE-148,2024-06-22
24577,N,208558,002,ODE-226,2025-12-19
26073,N,207500,002,GAIN,2027-03-06
24906,N,207925,001,ODE-199,2025-08-15
26024,N,209529,001,PED,2023-11-26
24647,N,208772,001,I-847,2023-05-22
24449,N,203255,005,ODE-268,2025-06-29
24687,N,210115,002,ODE-360,2028-07-16
24202,N,022496,002,NPP,2024-03-22
25642,N,213498,010,NCE,2026-03-18
25834,N,021196,001,PED,2026-04-26
25346,N,215887,001,NCE,2028-04-25
24343,N,204114,002,ODE-148,2024-06-22
25105,N,212839,002,NCE,2025-03-10
25291,N,215498,003,NCE,2026-07-20
25753,N,212608,001,ODE-366,2027-01-09
25845,N,022406,002,PED,2023-09-10
25933,N,205551,001,PED,2026-12-15
25099,N,213137,002,ODE-394,2028-12-17
25831,N,022068,003,PED,2029-03-23
24680,N,205836,001,NPP,2024-08-27
25542,A,212433,001,CGT,2023-03-13
24623,N,208573,003,ODE-239,2026-05-15
24746,A,209549,002,PC,2023-09-08
24908,N,207925,001,ODE-338,2027-12-21
24362,N,201292,001,ODE-230,2025-01-12
25914,N,204114,002,PED,2025-11-04
25405,N,214120,002,ODE-320,2027-09-01
25551,A,216159,001,PC,2024-01-02
24474,N,208716,001,NPP,2024-10-12
25474,N,211150,001,ODE-255,2026-08-14
24223,N,050709,001,ODE-360,2028-07-16
25778,N,217417,001,ODE-426,2030-03-22
24641,N,208743,001,I-907,2025-12-19
25480,N,212725,002,ODE-265,2026-08-15
24538,N,208065,001,I-853,2023-12-18
24569,N,209606,001,ODE-151,2024-08-01
25794,N,212526,001,NCE,2024-05-24
24539,N,208051,001,I-823,2023-02-25
24470,N,208400,001,ODE-138,2024-04-25
25171,N,213388,001,NCE,2023-07-23
25637,N,213498,002,NCE,2026-03-18
25559,N,211810,001,NCE,2024-08-02
24491,N,210491,001,ODE-247,2026-06-21
24856,N,204630,001,ODE-113,2023-04-08
25962,N,022063,004,PED,2023-03-13
25781,N,211280,001,NCE,2025-01-31
24102,N,021323,001,NPP,2026-05-12
25977,N,208082,003,PED,2024-12-24
25461,N,215256,002,NP,2024-06-04
25093,N,214907,001,I-905,2025-12-16
24274,N,202570,001,ODE-328,2028-01-14
25424,N,210136,007,NP,2026-05-23
24688,N,210115,001,ODE-269,2025-05-24
24457,N,204447,001,M-267,2023-11-13
24060,N,021986,005,ODE-225,2025-12-21
25017,A,208256,001,PC,2023-04-18
24452,N,203255,003,ODE-268,2025-06-29
25853,N,022406,002,PED,2023-04-11
24121,N,021825,002,ODE-420,2028-04-30
24243,N,203565,003,I-915,2026-05-31
24447,N,206829,001,NPP,2025-04-21
24356,N,204384,001,ODE-251,2026-08-09
24811,N,208030,002,ODE-418,2028-04-30
24972,A,209700,002,PC,2023-09-08
24929,N,209176,001,ODE-144,2024-05-05
25329,N,212887,001,NCE,2026-01-21
25052,N,022075,002,NCE,2024-08-27
24263,N,205755,001,ODE-145,2024-05-26
25851,N,022406,004,PED,2023-04-11
25403,N,213702,001,ODE-304,2027-06-15
24211,N,022580,004,NPP,2025-06-24
25273,N,213736,001,ODE-292,2027-04-17
24519,N,210493,001,NCE,2023-04-19
24607,N,208082,001,M-54,2024-06-24
25132,N,216951,002,NCE,2028-02-01
25676,N,214985,002,NCE,2027-04-07
24586,N,208558,001,ODE-226,2025-12-19
25266,N,213736,003,ODE-404,2029-08-26
25870,N,201281,002,PED,2026-12-20
24936,N,211155,001,NCE,2023-09-24
24328,N,204026,002,ODE-297,2027-05-14
26010,N,208341,001,PED,2027-09-19
24544,N,207500,002,NCE,2020-03-06
24359,N,201292,003,ODE-230,2025-01-12
24179,N,022334,001,ODE-108,2023-02-26
24299,N,203188,001,ODE-190,2024-05-17
25874,N,205834,002,PED,2024-10-07
24542,N,207501,001,NCE,2020-03-06
25281,N,214375,001,NCE,2027-12-23
25669,N,213246,001,ODE-412,2029-09-21
24184,N,022395,001,I-838,2023-07-17
25706,N,212904,001,NCE,2026-03-10
24695,N,208700,001,ODE-166,2025-01-26
24914,N,207925,002,ODE-338,2027-12-21
25224,A,215673,001,CGT,2023-11-18
24632,N,208447,001,ODE-133,2024-03-27
24826,N,208684,001,ODE-252,2026-06-07
25363,N,216196,002,NCE,2027-02-17
24991,N,212480,002,ODE*,2024-04-07
25897,N,204026,003,PED,2027-11-14
24407,N,202293,001,I-857,2024-04-30
25018,A,216845,002,CGT,2023-03-29
25086,N,212273,001,NCE,2024-10-21
25602,A,214512,001,CGT,2023-11-20
24755,N,211172,001,NCE,2023-10-05
25440,A,217796,001,CGT,2024-01-23
24287,N,202806,002,I-894,2025-06-22
24398,N,205552,001,ODE-152,2024-08-02
25200,N,215352,001,NP,2026-05-05
25967,N,206111,003,PED,2026-12-20
25645,N,215309,001,I-896,2025-07-18
25024,N,210861,002,ODE-215,2025-11-26
25027,N,210861,002,NCE,2023-11-26
25780,N,211280,002,NCE,2025-01-31
25422,A,216120,002,CGT,2023-01-29
24707,N,210563,003,ODE*,2023-03-04
25257,N,213217,001,I-817,2026-01-19
25419,N,212520,001,NP,2023-07-08
24618,N,208573,001,ODE-239,2026-05-15
25631,N,217026,001,NCE,2028-03-10
25333,N,212888,002,NPP,2025-03-29
25365,N,216196,003,NCE,2027-02-17
24697,N,210563,001,ODE*,2023-03-04
24605,N,208082,003,M-54,2024-06-24
25552,A,216159,002,PC,2024-01-02
25521,N,214662,001,NPP,2026-03-13
24075,N,022030,002,I-861,2024-06-17
24473,N,208587,001,ODE-150,2024-07-07
25576,N,215413,001,NPP,2026-06-15
25163,N,213411,002,NCE,2025-04-17
24686,N,210115,002,ODE-269,2025-05-24
24989,N,212480,001,ODE*,2024-04-07
24535,N,208065,002,I-853,2023-12-18
25039,N,212102,001,ODE-312,2027-06-25
25268,N,213736,002,NCE,2025-04-17
25671,N,213246,002,ODE-301,2027-05-08
25322,N,215401,002,NP,2025-03-22
24543,N,207501,001,ODE-305,2022-03-06
24645,N,208772,001,ODE-142,2024-04-28
24882,N,209806,003,M-275,2024-09-17
25819,N,021995,003,PED,2024-06-04
24138,N,021880,003,ODE-245,2026-05-28
24098,N,021290,002,ODE*,2024-09-05
24837,N,206038,001,ODE-123,2023-09-28
24310,N,203389,001,ODE-162,2024-12-22
24759,N,211651,004,NCE,2023-10-16
25245,A,216859,001,CGT,2023-04-05
25176,N,211964,001,NCE,2026-04-02
24196,N,022433,002,M-283,2025-05-09
25502,A,207991,001,PC,2023-03-20
24438,N,202429,001,ODE-158,2024-11-06
25750,N,212608,001,I-864,2024-06-16
24126,N,021845,001,M-287,2026-01-31
25487,N,211675,002,NCE,2024-08-16
24922,N,208341,001,NPP,2023-03-19
25748,N,212608,001,NCE,2025-01-09
24083,N,022074,002,ODE-156,2024-09-15
25535,A,209348,001,PC,2023-03-06
25135,N,212690,001,ODE-361,2027-07-21
25042,N,212102,001,ODE-393,2029-03-25
25141,N,214998,004,ODE-398,2029-04-28
24371,N,203496,005,ODE-272,2026-10-18
25160,N,211728,001,ODE-289,2027-04-15
24054,N,020825,002,M-232,2025-01-28
25318,N,215833,001,NCE,2027-03-23
26032,N,217003,001,PED,2026-02-24
25295,N,215498,001,NCE,2026-07-20
24500,N,210867,001,ODE-193,2025-06-13
25691,N,213969,001,ODE-324,2027-11-20
24863,N,207968,001,M-263,2023-07-23
25809,N,021986,004,PED,2026-06-21
24264,N,021883,001,NCE,2019-05-23
25108,N,212839,003,NCE,2025-03-10
24443,N,205832,001,I-825,2023-03-09
25833,N,022068,003,PED,2025-09-22
24839,N,205422,002,I-913,2026-05-10
25228,N,215814,001,NCE,2027-12-01
25774,N,213138,001,NP,2023-01-24
24551,N,206910,001,M-263,2023-07-23
24781,N,204441,002,ODE-178,2025-04-23
24431,N,202192,001,ODE-373,2028-09-22
24773,N,208692,003,ODE-227,2026-01-14
24358,N,201292,003,ODE-115,2023-04-15
24642,N,208772,002,ODE-142,2024-04-28
25007,A,208008,001,PC,2023-03-20
24568,N,209401,001,ODE-287,2024-08-03
25775,N,213138,001,ODE-367,2027-01-24
25162,N,213411,002,ODE-309,2027-04-17
24950,N,210868,002,ODE-219,2025-11-02
25429,N,210136,002,NP,2026-05-23
25649,N,211371,001,NPP,2025-06-16
24253,N,205435,001,NCE,2019-06-20
25955,N,202270,002,PED,2023-02-12
24833,N,208464,001,NPP,2025-10-17
25401,N,211911,001,NP,2023-03-04
24807,N,211288,002,ODE-206,2025-09-27
25355,N,216993,001,ODE-437,2030-07-20
25563,N,210875,004,NP,2023-05-21
25595,N,216157,001,NCE,2024-11-25
25226,N,212937,001,NP,2025-09-20
25703,N,211616,001,NCE,2025-02-21
25386,N,216340,001,NCE,2027-12-12
24711,N,210563,004,ODE-405,2029-08-24
24726,N,210450,002,NCE,2023-07-23
25604,N,212122,001,NC,2023-07-23
24622,N,208573,003,ODE-211,2025-11-21
25053,N,022075,001,NCE,2024-08-27
24677,N,209940,001,I-916,2026-06-05
24363,N,201292,001,M-276,2025-04-07
24790,N,208627,001,NCE,2023-07-13
25451,N,212801,001,NCE,2025-03-06
25830,N,022044,001,PED,2024-06-04
24834,N,209092,001,NPP,2024-12-10
25600,N,217514,001,ODE-428,2030-03-16
25611,N,208078,001,ODE-223,2025-11-28
24074,N,022023,001,D-186,2025-05-02
25246,N,216227,001,NP,2025-09-27
25237,A,205941,001,PC,2024-01-27
25578,A,214271,002,CGT,2023-01-09
25798,N,213051,001,M-252,2023-01-16
24304,N,203214,001,I-879,2024-12-14
25974,N,209394,001,PED,2026-10-30
25307,N,215910,001,ODE-414,2029-11-17
25653,N,209964,001,ODE-234,2026-04-22
24236,N,201532,001,ODE-107,2023-01-28
24237,N,201532,001,M-280,2025-09-13
25664,N,213246,001,NCE,2025-05-08
24710,N,210563,003,NPP,2025-08-24
24290,N,202806,001,ODE-147,2024-06-22
25857,N,022433,002,PED,2024-05-05
24730,N,206709,001,M-281,2025-07-14
24736,N,207223,002,NCE,2023-08-20
24873,N,207924,001,I-890,2025-06-13
24911,N,207925,002,ODE-190,2024-05-17
24546,N,207500,001,ODE-90,2022-03-06
24089,N,021038,002,NPP,2025-12-16
25525,N,213953,002,NP,2025-07-27
25735,N,209388,001,NP,2023-06-19
24496,N,210251,001,ODE-256,2026-06-18
24147,N,021882,001,M-263,2023-07-23
25038,N,210557,001,NCE,2024-06-21
25308,N,213378,004,NCE,2026-05-28
25869,N,201281,003,PED,2026-12-20
24970,N,208264,002,ODE-129,2024-01-26
24630,N,206073,001,M-252,2023-03-30
25078,N,213586,003,NP,2026-04-28
24532,N,208183,001,NPP,2023-08-31
25172,N,213388,001,NP,2023-05-29
24768,N,208692,001,I-873,2024-09-17
25988,N,210563,003,PED,2030-02-24
25877,N,204671,001,PED,2024-10-07
24298,N,203188,001,ODE-189,2024-07-31
24484,N,205598,001,ODE-170,2024-12-20
24124,N,021825,001,ODE-417,2028-04-30
25623,N,213871,002,NPP,2026-02-09
25278,N,213312,001,NP,2024-11-22
24767,N,208692,001,ODE-375,2028-09-17
24564,N,209776,001,NCE,2022-08-29
24867,N,207924,002,I-891,2025-05-10
24938,N,211155,002,NCE,2023-09-24
25730,N,022231,001,ODE-406,2029-09-14
25673,N,213246,002,ODE-302,2027-05-08
24733,N,206709,002,ODE-403,2029-07-14
25946,N,202192,001,PED,2026-06-19
25391,N,212028,002,NCE,2025-04-07
24487,N,210491,002,ODE-173,2025-02-12
24467,N,207695,001,NPP,2023-03-23
25258,N,213217,001,ODE-274,2030-01-19
24879,N,209806,004,M-275,2024-09-17
25476,N,211150,001,I-846,2023-10-13
25485,N,211675,002,I-919,2026-05-18
24825,N,208684,001,ODE-130,2024-02-09
24550,N,206910,003,M-263,2023-07-23
25524,N,213953,003,NP,2025-07-27
26039,N,213491,001,PED,2025-06-22
25634,N,213498,009,NCE,2026-03-18
25331,N,212887,001,M-273,2025-01-31
25950,N,202192,004,PED,2026-11-24
25334,N,212888,002,D-184,2025-01-31
24248,N,203565,001,I-915,2026-05-31
24397,N,205552,001,ODE-117,2023-05-06
25460,N,215256,005,NPP,2025-12-23
25330,N,212887,001,NPP,2025-03-29
24887,N,206947,001,ODE-196,2025-08-15
25215,N,214787,002,NCE,2025-10-22
24683,N,205837,001,NPP,2024-08-27
25741,N,209575,001,NP,2023-01-10
25500,N,213464,002,NCE,2025-08-06
24366,N,201292,002,M-276,2025-04-07
24107,N,021366,002,ODE-118,2023-05-27
24591,N,208558,001,I-914,2026-05-31
24629,N,210854,002,NCE,2023-10-24
24403,N,202293,002,I-834,2023-05-05
25311,N,213378,001,NCE,2026-05-28
25183,N,209471,001,NP,2026-03-01
24541,N,207501,001,ODE-90,2022-03-06
25941,N,202192,001,PED,2029-03-22
25708,N,214770,001,NP,2024-05-31
24771,N,208692,002,ODE-375,2028-09-17
24228,N,201280,001,M-252,2023-03-30
25000,N,211723,001,ODE-299,2027-01-23
25767,N,212608,005,I-864,2024-06-16
24292,N,202806,001,I-908,2026-03-16
25782,N,211280,003,NCE,2025-01-31
24322,N,204026,004,ODE-296,2027-05-14
25723,N,217639,002,NCE,2028-01-27
24624,N,208573,003,M-265,2023-10-16
25426,N,210136,004,NP,2026-05-23
24440,N,204096,001,ODE*,2025-05-24
25507,N,209899,002,I-860,2024-05-27
24268,N,202570,002,I-852,2024-01-14
24282,N,202806,002,ODE-182,2025-04-30
24988,N,212480,001,ODE-258,2026-08-28
24082,N,022074,003,ODE-156,2024-09-15
24133,N,021880,004,ODE-131,2024-02-22
24794,N,211192,001,ODE-242,2026-05-02
24204,N,022512,003,I-862,2024-06-21
