id,appl_type,appl_no,product_no,patent_no,patent_expire_date,drug_substance_flag,drug_product_flag,patent_use_code,delist_flag
218653,N,201922,003,7790705,2025-06-24,,,U-124,
221242,N,022496,001,11452691,2041-01-22,,Y,U-3439,
221168,N,207925,005,10272046,2033-02-27,,Y,U-3605,
223094,N,208051,001,9265784,2029-08-04,,,U-3047,
217790,N,205422,001,9839637,2026-04-12,,Y,U-1529,
223768,N,207620,002,9388134,2026-11-08,,,U-1723,
224374,N,204275,003,11116721,2029-02-26,,Y,U-3623,
218183,N,209091,001,8501698,2027-06-20,,Y,U-1976,
228899,N,202810,001,9855278,2027-04-13,,Y,,
217417,N,021777,001,9375410,2023-11-14,,,U-1088,
232001,N,212099,001,10711013,2030-10-27,Y,Y,,
217198,N,208780,001,8318780,2030-01-08,,,U-2081,
228494,N,208799,001,8714149,2032-02-25,,Y,,
216341,N,022426,004,8173663,2025-03-15,,,U-1338,
227730,N,022445,001,8252304,2024-09-28,,Y,,
222247,N,212849,002,10406161,2032-04-10,,Y,U-3513,
230170,N,205422,001,10307419,2032-10-12,,Y,,
227045,N,211651,003,8012976,2029-10-19,Y,Y,,
226560,N,022107,001,8618172,2028-07-13,,Y,,
229472,N,209816,001,7326696,2023-09-24,Y,,,
229970,N,205637,001,8703177,2032-08-20,,Y,,
216877,N,202992,001,9186346,2034-02-04,,,U-1786,
226569,N,213491,002,9233077,2034-06-17,,Y,,
231283,N,208692,003,11298349,2032-02-10,,Y,,
218719,N,021840,001,7320969,2024-01-30,,,U-828,
227731,N,202714,002,7232818,2025-04-14,Y,Y,,
221224,N,213491,002,10328037,2036-08-16,,,U-1399,
227292,N,205060,001,9050309,2033-01-04,Y,,,
216757,N,021977,005,7678771,2023-02-24,,Y,U-842,
229024,N,212614,002,7713938,2027-04-15,Y,Y,,
228060,N,210874,001,9616028,2030-11-12,,Y,,
227421,N,207202,006,11464423,2030-09-15,,Y,,
230374,N,210493,001,10717721,2032-05-23,Y,,,
223728,N,217514,001,8703781,2030-10-15,Y,Y,U-3565,
230749,N,207202,001,9060708,2029-03-05,,Y,,
227873,N,019034,001,9731082,2032-04-23,,Y,,
231684,N,201739,001,9056170,2024-11-23,,Y,,
216634,N,202788,007,8835460,2027-01-25,,Y,U-55,
217856,N,200603,005,9827242,2031-05-23,,,U-2199,
224769,N,207947,008,10821108,2036-12-01,,Y,U-2992,
232082,N,208686,001,11173141,2036-03-25,,Y,,
226348,N,211675,002,8962629,2031-01-15,Y,,U-3341,
221180,N,203565,004,11478502,2027-01-08,,,U-3472,
234302,N,208341,002,9085573*PED,2028-09-21,,,,
229846,N,206947,001,10407393,2035-08-26,Y,,,
233760,N,210563,002,10010507*PED,2036-09-03,,,,
218656,N,203858,003,8618135,2025-03-07,,,U-1316,
230139,N,202429,001,9447089,2032-06-06,,Y,,
228248,N,202860,001,10926054,2029-08-13,,Y,,
219675,N,209210,001,9884092,2026-08-18,,,U-2590,
226806,N,211988,003,9744163,2034-03-13,,Y,,
218680,N,022328,001,7682628,2025-02-16,,,U-1194,
234230,N,209210,001,7456254*PED,2025-12-30,,,,
216238,N,022352,001,7820681,2029-02-17,,,U-1020,
220777,N,021777,001,8877245,2023-11-14,,,U-979,
230892,N,215457,001,7947017,2028-03-12,,Y,,
217568,N,209819,001,9272044,2031-06-06,,,U-2176,
224789,N,213378,001,8778960,2032-02-13,,,U-3137,
234031,N,208799,003,10765820*PED,2025-11-19,,,,
231482,N,205836,002,10729653,2030-04-09,,Y,,
224568,N,210136,007,11110084,2032-07-26,,Y,U-3616,
225493,N,214846,001,11033551,2037-09-29,,,U-3129,
228395,N,210854,002,10392406,2036-04-27,Y,,,
231018,N,211651,003,10189837,2031-10-20,Y,Y,,
216994,N,203312,002,8557283,2028-12-26,,Y,U-1645,
234261,N,207620,001,8101659*PED,2025-07-15,,,,
224185,N,200063,001,11278544,2024-04-21,,,U-1583,
231522,N,206627,003,9775809,2027-08-24,,Y,,
229809,N,205552,002,9725455,2033-06-03,Y,,,
221678,N,214755,002,11000498,2037-07-21,,Y,U-3580,
216403,N,202020,002,8394407,2024-04-23,,Y,U-1362,
229000,N,021829,002,9925150,2032-03-01,,Y,,
222133,N,215430,001,9707191,2034-11-05,,,U-3419,
233403,N,205552,002,10294231*PED,2033-12-03,,,,
224193,N,050684,004,8133883,2023-04-14,,Y,U-282,
223293,N,213246,002,10584124,2038-10-10,Y,,U-3451,
228602,N,209637,002,8114833,2025-08-13,,Y,,
218853,N,206333,001,7622130,2027-12-10,,,U-1690,
216679,N,206406,001,8664239,2028-08-30,,,U-1752,
226193,N,202192,003,10016429,2028-06-12,,,U-3230,
217276,N,207078,002,9861658,2032-02-10,,,U-2312,
217097,N,200533,001,8536130,2028-09-22,,,U-1276,
216296,N,202834,005,6949571,2024-06-08,Y,Y,U-2089,
225282,N,214938,001,RE48267,2030-05-20,,,U-3256,
229457,N,202236,001,9901585,2023-06-13,,Y,,
225854,N,050684,004,6900184,2023-04-14,,Y,U-282,
230835,N,217513,001,7378423,2027-05-29,Y,Y,,
228150,N,200533,005,8075872,2023-11-20,,Y,,
218272,N,022291,004,8828430,2027-08-01,,Y,U-1306,
222499,N,203565,004,11433091,2027-01-08,,,U-3438,
222330,N,202971,001,11344547,2033-09-24,,,U-1632,
231687,N,021137,010,10231931,2038-03-23,,Y,,
227385,N,207916,001,9427421,2032-05-08,,Y,,
224257,N,210563,003,10653696,2031-06-03,,,U-1456,
219547,N,050808,006,8268804,2025-06-24,,,U-1078,
221837,N,209863,003,10912782,2035-02-19,,Y,U-2418,
226505,N,204031,001,8992975,2032-05-16,,Y,,
221867,N,216203,001,7781577,2028-05-04,Y,Y,U-3628,
229411,N,208798,001,9616024,2024-09-01,,Y,,
233110,N,206321,001,6268343*PED,2023-02-22,,,,
219395,N,208194,001,9579384,2033-03-15,,,U-1971,
228663,N,021880,005,7855217,2024-11-24,Y,Y,,
218492,N,021880,005,7468363,2023-10-07,,,U-2550,
225158,N,021880,003,8404717,2023-04-11,,,U-1982,
223484,N,204370,004,RE49302,2029-07-16,,,U-2543,
225086,N,202611,001,10842780,2029-09-28,,Y,U-2996,
226494,N,209863,003,9180259,2026-01-24,,Y,,
221191,N,207925,004,8354427,2026-07-06,,,U-3608,
224424,N,208558,001,8859562,2031-08-04,,,U-2832,
218812,N,207988,001,8546437,2029-04-29,,,U-1803,
234121,N,208798,006,9731087*PED,2031-11-18,,,,
228042,N,208510,006,7655630,2023-02-24,Y,Y,,
232888,N,022249,001,8609863*PED,2026-07-12,,,,
224893,N,021395,001,8022082,2026-01-19,,Y,U-1186,
223321,N,208945,001,9399014,2029-12-15,,,U-805,
219175,N,208510,002,7723305,2023-02-24,,Y,U-727,
227490,N,203496,004,8252839,2024-05-24,,Y,,
216996,N,202020,002,9040085,2024-04-23,,,U-1362,
228026,N,207999,002,RE48286,2027-02-21,Y,Y,,
216583,N,208780,002,7635707,2029-04-22,,,U-2072,
226619,N,211675,001,RE47221,2030-12-01,Y,,,
220053,N,212379,001,8992896,2030-10-01,,Y,U-2647,
232186,N,210906,001,10130646,2037-07-25,,Y,,
219377,N,208194,001,9572887,2033-03-15,,,U-1972,
220310,N,212038,003,10449159,2035-10-30,,,U-2357,
227902,N,202880,005,10322120,2033-07-25,,Y,,
222618,N,021361,001,10703763,2026-02-27,,,U-1708,
220742,N,050819,001,8895070,2029-06-03,,,U-124,
217488,N,021436,003,9387182,2023-12-25,,,U-1529,
227717,N,204353,001,11576894,2030-07-06,,Y,,
224662,N,211988,004,10632199,2035-04-20,,Y,U-3118,
221638,N,215814,001,9834539,2035-09-18,Y,Y,U-3497,
226752,N,201292,002,8545884,2029-12-19,,Y,,
234097,N,208798,005,8651103*PED,2028-09-26,,,,
226058,N,209410,004,8895616,2025-11-23,,,U-219,
226426,N,208510,006,7674774,2023-02-24,,Y,U-727,
223828,N,203389,001,10143665,2036-08-16,,,U-1399,
216163,N,021660,001,8314156,2023-12-09,,,U-1290,
221802,N,204275,002,11116721,2029-02-26,,Y,U-3623,
232878,N,022249,002,8669279*PED,2029-09-26,,,,
216428,N,022287,002,6664276,2023-01-30,Y,Y,U-950,
228106,N,209939,001,8513255,2024-05-22,Y,Y,,
224714,N,022192,005,9138432,2025-09-30,,,U-1737,
222407,N,202714,001,RE47954,2029-10-21,,,U-3449,
216471,N,203100,001,7635704,2026-10-26,Y,Y,U-257,
228656,N,206627,006,10369109,2023-06-16,,Y,,
223965,N,202880,004,10092559,2034-09-12,,,U-55,
218109,N,206143,002,7361649,2026-02-22,Y,Y,U-1694,
222572,N,215498,003,9694018,2031-11-08,,,U-3648,
222232,N,209363,001,11000508,2035-09-04,,Y,U-3270,
222389,N,215430,001,10463634,2034-11-05,,,U-3419,
225337,N,202714,001,7491704,2025-04-14,,,U-2947,
216830,N,022192,003,8999638,2030-10-28,,,U-1674,
225905,N,203469,004,11192895,2033-12-12,,,U-1700,
223852,N,205435,001,9624250,2030-02-03,Y,Y,U-2507,
216644,N,022535,001,7767700,2027-12-18,,,U-1601,
219369,N,202880,003,9339499,2033-07-25,,,U-1810,
228541,N,022115,003,8637512,2028-06-14,,Y,,
226770,N,211962,006,11628200,2035-11-06,,Y,,
221601,N,212690,001,8772306,2033-03-15,,,U-3198,
233270,N,203389,001,9925157*PED,2027-07-26,,,,
228947,N,022309,003,8754070,2026-10-12,,Y,,
222981,N,210563,003,8497277,2026-12-28,,,U-1456,
227260,N,210563,001,9181257,2026-12-28,Y,,,
224349,N,022145,002,8771733,2030-06-02,Y,Y,U-257,
230945,N,022341,001,9265893,2032-09-23,,Y,,
228956,N,211371,001,8410077,2029-03-13,,Y,,
225652,N,200533,004,8309060,2023-11-20,,Y,U-1276,
229832,N,209115,001,10278974,2031-02-10,,Y,,
228522,N,203752,002,9833419,2028-07-10,,Y,,
231832,N,021977,007,7662787,2023-02-24,Y,,,
216869,N,203469,003,9029533,2026-12-22,,,U-836,
231673,N,211321,001,8809322,2028-01-18,,Y,,
230115,N,204734,001,8980327,2030-12-01,,Y,,
230271,N,211358,003,9216969,2026-11-08,,Y,,
219542,N,021977,004,7713936,2023-02-24,,,U-727,
233874,N,208510,005,7687467*PED,2023-08-24,,,,
233026,N,201281,001,8673927*PED,2027-11-04,,,,
231443,N,210563,003,10125140,2033-06-03,Y,Y,,
228785,N,208799,002,10561808,2032-01-01,,Y,,
219108,N,022272,001,9492391,2027-08-24,,,U-1556,
216216,N,022287,001,8173158,2030-03-17,,,U-949,
219759,N,205580,001,9572797,2031-01-28,,,U-1971,
216939,N,202788,002,9642797,2027-01-25,,Y,U-55,
223617,N,207925,001,8354427,2026-07-06,,,U-1905,
227446,N,206038,002,9216969,2026-11-08,,Y,,
220592,N,203100,001,8592397,2024-01-13,,Y,U-257,
225822,N,205552,001,8476284,2026-12-28,,,U-1946,
219644,N,209210,001,7456254,2025-06-30,,Y,U-2590,
226917,N,213586,002,9925268,2025-01-12,,Y,,
219292,N,020866,001,9700555,2032-04-30,,Y,U-2183,
218175,N,210874,002,6515117,2025-10-04,Y,Y,U-493,
226148,N,202192,003,9814722,2026-12-12,,,U-3226,
225965,N,022309,003,8466138,2026-10-12,,,U-1103,
231524,N,203469,003,8114874,2027-01-24,Y,Y,,
233625,N,209394,001,9321807*PED,2035-12-05,,,,
229290,N,209128,001,10896751,2030-03-16,,Y,,
224306,N,205552,001,10751342,2031-06-03,,,U-2944,
219344,N,202714,001,8129346,2025-04-14,,,U-1260,
216200,N,022118,002,8124125,2024-10-01,,Y,U-1234,
221388,N,210526,004,11590081,2038-09-24,,Y,U-3538,
226415,N,204485,001,9687526,2035-01-30,,,U-1857,
232158,N,021929,001,8387615,2027-03-26,,Y,,
218347,N,202107,001,10151763,2037-01-18,,,U-1643,
229056,N,212994,003,10584113,2037-12-09,,Y,,
217269,N,021929,002,8143239,2023-01-29,,Y,U-2002,
223977,N,210132,001,9301920,2032-11-21,,Y,U-2439,
219870,N,212480,002,8618076,2030-12-11,Y,Y,U-1470,
228105,N,022249,001,8895756,2026-01-12,,Y,,
230580,N,203389,001,9173851,2034-06-17,,Y,,
221366,N,208051,001,9139558,2028-10-15,,,U-3097,
234138,N,208798,006,10561808*PED,2032-07-01,,,,
230846,N,021038,003,8242158,2032-01-04,,Y,,
221524,N,022200,001,8461105,2025-04-13,,Y,U-3190,
230075,N,022272,002,9522919,2025-03-30,Y,Y,,
228266,N,022115,002,9144547,2023-09-22,,Y,,
218990,N,207986,001,9603796,2029-04-21,Y,Y,U-2252,
224377,N,212489,001,9745290,2027-10-10,,Y,U-2811,
224458,N,020866,001,10688155,2030-06-07,,,U-2892,
228802,N,210563,003,7514444,2026-12-28,Y,Y,,
223120,N,208658,003,10596120,2032-03-07,,Y,U-2792,
233106,N,206321,001,9616180*PED,2026-07-20,,,,
234344,N,208658,001,7713938*PED,2027-10-15,,,,
229760,N,205552,001,9725455,2033-06-03,Y,,,
216772,N,022430,001,8957113,2025-03-04,,Y,U-1182,
223330,N,205834,001,9284342,2030-09-13,Y,Y,U-1470,
222961,N,206940,002,8772325,2025-03-14,,,U-1709,
228024,N,202971,004,8722679,2024-10-19,,Y,,
224560,N,215888,001,8754227,2031-04-22,,,U-3366,
218403,N,208573,002,9174982,2030-05-26,,,U-2537,
227524,N,022428,001,8450311,2029-05-29,,Y,,
218116,N,206089,001,8492369,2030-12-20,,Y,U-2506,
226654,N,210583,001,9974746,2030-05-26,,Y,,
224286,N,213674,002,8183274,2026-08-24,,,U-2345,
220887,N,208780,001,8609701,2029-04-22,,,U-2068,
234523,N,214187,001,8735372*PED,2028-09-21,,,,
219305,N,022517,001,9504647,2023-05-07,,Y,U-2326,
233431,N,205552,001,10016435*PED,2031-12-03,,,,
219158,N,050790,002,8633162,2024-08-27,,,U-1479,
231474,N,211651,005,8735392,2031-10-20,Y,Y,,
224891,N,021454,001,7320968,2025-01-18,,,U-843,
232257,N,212436,003,11065250,2036-05-24,,Y,,
229422,N,214755,004,11052061,2037-07-21,,Y,,
227215,N,211746,001,11679210,2038-09-03,,Y,,
229020,N,208026,001,9415016,2029-04-02,,Y,,
217490,N,021436,006,9387182,2023-12-25,,,U-1529,
226420,N,209203,002,9216179,2031-08-01,,,U-2104,
221917,N,215309,001,9974790,2026-12-12,,,U-3229,
223310,N,208564,002,9180091,2033-12-20,,Y,U-2317,
222656,N,208564,002,10668082,2033-06-18,,,U-2316,
216374,N,050808,006,7919483,2027-03-07,,,U-1078,
227536,N,201739,001,8920377,2024-11-23,,Y,,
224933,N,202057,001,10792270,2033-06-28,,,U-2962,
222658,N,210132,001,10675288,2032-11-21,,,U-2439,
225855,N,205649,004,8685934,2030-05-26,,,U-1522,
223424,N,208573,003,9174982,2030-05-26,,,U-2323,
217648,N,210563,001,9801883,2031-06-03,,,U-2159,
225398,N,203469,003,11384086,2033-12-12,Y,Y,U-1700,
233675,N,208082,002,11564917*PED,2036-09-07,,,,
222506,N,213217,001,11142528,2034-04-22,,Y,U-2666,
225217,N,208564,002,10888516,2033-06-18,,,U-2317,
223961,N,215422,003,11491125,2041-09-29,,Y,U-3488,
227348,N,206627,005,9095615,2027-08-24,,Y,,
233074,N,206439,004,8173708*PED,2026-05-22,,,,
226580,N,201655,006,7851482,2029-07-10,Y,,,
216281,N,202834,003,6949571,2024-06-08,Y,Y,U-2088,
225136,N,206627,003,11304909,2027-08-24,,,U-1556,
231355,N,202799,005,7919118,2024-05-12,Y,Y,,
227496,N,204592,001,9180096,2030-04-23,,Y,,
233493,N,202192,004,8822481*PED,2028-12-12,,,,
219265,N,208716,004,7855211,2029-12-15,Y,Y,U-2132,
224908,N,022118,002,8481078,2024-10-01,,Y,U-1416,
230727,N,208798,006,9616024,2024-09-01,,Y,,
220476,N,206488,002,10364431,2034-03-14,,,U-1918,
223081,N,202971,001,11400087,2033-09-24,,,U-1632,
225658,N,022352,001,7964648,2028-10-06,,,U-1161,
221505,N,022200,002,8906851,2026-08-18,,,U-3188,
222610,N,205677,001,11633377,2033-01-25,,,U-3003,
227659,N,208627,001,9339466,2031-03-23,Y,Y,,
217969,N,207202,003,9444503,2027-11-19,,Y,U-2169,
225263,N,204242,001,11020388,2032-09-18,,Y,U-3131,
225613,N,214522,001,11666576,2038-12-24,,Y,U-3397,
228644,N,205636,001,9216260,2031-06-28,,Y,,
221922,N,207533,002,11097006,2033-10-24,,Y,U-764,
228620,N,202833,001,8372828,2026-12-18,,Y,,
219088,N,021379,001,8470359,2023-10-15,Y,Y,U-621,
225889,N,209863,002,11160751,2034-10-07,,Y,U-2418,
218485,N,021880,004,7468363,2023-10-07,,,U-2551,
228689,N,205422,002,RE48059,2028-12-23,Y,,,
222236,N,209363,001,10335390,2035-09-04,,Y,U-3270,
228138,N,208798,002,9216260,2031-06-28,,Y,,
218505,N,211230,001,8440715,2031-06-11,,,U-2548,
223844,N,210565,001,9737491,2033-05-03,,,U-2492,
233325,N,204114,001,7378423*PED,2027-11-29,,,,
220255,N,211723,001,9688665,2034-08-22,,,U-2736,
234301,N,208341,002,8889159*PED,2029-09-26,,,,
230912,N,209241,002,10906902,2036-12-22,Y,Y,,
231420,N,202811,001,7704947,2024-01-28,Y,Y,,
218448,N,201635,001,10314790,2027-11-16,,Y,U-1675,
223177,N,212102,001,10478441,2033-05-03,,,U-2860,
223663,N,209241,003,10857148,2037-10-10,,,U-1995,
230539,N,208624,001,8420596,2031-04-10,Y,Y,,
221880,N,211651,005,9820985,2029-07-27,,,U-2437,
233905,N,208510,003,7678771*PED,2023-08-24,,,,
219422,N,200603,005,9259423,2031-05-23,,,U-1822,
222375,N,215430,001,10894046,2034-11-05,,,U-3419,
225936,N,204819,004,11203593,2034-02-18,Y,Y,U-2835,
218011,N,022450,001,9987238,2028-11-13,,,U-2261,
222531,N,022580,001,9011906,2028-06-09,,,U-3398,
220363,N,211635,002,8927497,2025-07-21,,Y,U-2727,
226621,N,022416,001,9566244,2028-10-23,,Y,,
226158,N,202192,004,8822481,2028-06-12,,,U-3226,
223827,N,209816,001,10124014,2029-03-05,,,U-2449,
226309,N,209311,005,11241391,2032-03-23,,,U-2357,
228469,N,202788,007,9642844,2027-01-25,,Y,,
219080,N,020866,001,9522117,2032-04-30,,Y,U-1939,
233129,N,203094,001,8148374*PED,2030-03-03,,,,
224309,N,205552,001,10751342,2031-06-03,,,U-2943,
219629,N,209184,001,8586093,2023-03-19,,,U-2484,
224839,N,210854,001,10633397,2036-04-27,,,U-2816,
227444,N,022161,001,RE47301,2027-02-02,,Y,,
218562,N,022165,001,8097651,2026-06-16,Y,Y,U-436,
230314,N,022272,006,9770416,2027-08-24,,Y,,
220485,N,205677,001,10376487,2035-07-27,,,U-2615,
226914,N,020800,001,7297136,2025-01-18,,Y,,
222586,N,210496,002,10258622,2032-11-21,,,U-2802,
217936,N,202806,001,8835443,2025-06-10,,,U-2298,
220526,N,203496,004,8747897,2031-08-11,,Y,U-2725,
217422,N,208341,001,8921341,2032-11-16,Y,Y,U-1470,
233062,N,200603,002,9907794*PED,2026-11-26,,,,
226298,N,216196,003,9980961,2032-05-03,,,U-3319,
219734,N,207202,006,8847766,2030-03-29,,Y,U-2167,
216311,N,022011,001,7589079,2023-09-11,Y,Y,U-999,
231033,N,202344,001,9592195,2031-12-05,,Y,,
228486,N,215875,002,10653646,2039-03-21,,Y,,
230961,N,206321,001,8920383,2026-07-17,,Y,,
230078,N,203255,005,7759308,2026-10-25,,Y,,
217732,N,207202,006,9387182,2023-12-25,,,U-1529,
225182,N,208623,001,10849890,2038-05-30,,,U-2371,
231009,N,200603,003,8729085,2026-05-26,,Y,,
230672,N,208799,005,9216260,2031-06-28,,Y,,
224679,N,207620,003,11058667,2036-05-09,,,U-3170,
221822,N,203922,001,9687506,2030-02-10,,Y,U-3395,
223737,N,217660,001,8324242,2027-08-05,,,U-3589,
218251,N,205410,001,8987262,2028-10-16,,,U-1988,
234351,N,208658,002,7713938*PED,2027-10-15,,,,
233296,N,204026,002,8828427*PED,2031-12-21,,,,
233572,N,209195,001,11116783*PED,2034-07-30,,,,
232334,N,212801,001,8314097,2029-03-27,Y,Y,,
220208,N,202971,003,10525057,2034-03-08,,,U-543,
231016,N,209637,003,11311679,2026-01-20,,Y,,
220776,N,208010,001,9925147,2028-04-25,,Y,U-2257,
225115,N,200603,003,9815827,2024-02-20,,,U-543,
226340,N,207925,002,11147770,2033-02-27,,Y,U-3339,
221850,N,206089,001,11564933,2039-04-12,,,U-1103,
218166,N,208558,002,8143241,2027-08-12,,,U-2482,
226742,N,201280,001,7407955,2025-05-02,Y,Y,,
232717,N,021223,002,8324189*PED,2025-11-29,,,,
219079,N,208780,003,8609701,2029-04-22,,,U-2065,
218360,N,208692,002,8497284,2024-09-24,,,U-1220,
230029,N,022309,003,8759329,2026-10-12,,Y,,
216418,N,204168,002,8481598,2031-03-02,,,U-839,
220663,N,050808,005,8268804,2025-06-24,,,U-1078,
232184,N,205777,003,8846091,2023-04-04,,Y,,
234181,N,208798,002,9463288*PED,2025-11-19,,,,
228214,N,208313,007,9241948,2033-07-01,,Y,,
229894,N,211913,004,9700535,2035-08-04,,Y,,
231307,N,208799,003,10561808,2032-01-01,,Y,,
225749,N,202192,001,7598257,2027-12-24,Y,Y,U-3228,
222343,N,209363,001,11602522,2035-09-04,,Y,U-3302,
231899,N,022272,003,11304908,2027-08-24,,Y,,
219948,N,210951,001,8445507,2030-09-15,Y,Y,U-2624,
229246,N,201292,002,RE43431,2026-01-13,Y,,,
226758,N,022108,003,7662407,2026-06-27,,Y,,
217994,N,208686,001,9808442,2036-03-25,,,U-185,
219385,N,204275,001,7439393,2025-05-21,Y,Y,U-1691,
218139,N,204114,003,8703781,2030-10-15,Y,Y,U-2037,
226460,N,213006,001,8653260,2029-04-02,Y,,,
226478,N,208082,002,11666566,2033-09-18,,Y,,
218869,N,206940,002,9205076,2025-03-14,,,U-1709,
225637,N,209363,001,11684607,2035-09-16,,Y,U-3270,
229036,N,215973,001,10071985,2037-08-17,Y,Y,,
220488,N,211150,002,8486947,2029-09-26,,,U-1101,
225948,N,209500,002,11690842,2039-08-30,,Y,U-3362,
233114,N,206321,001,7762994*PED,2024-11-23,,,,
224749,N,208341,001,8618076,2030-12-11,Y,Y,U-1470,
220107,N,202057,001,8703185,2030-04-29,,,U-2691,
230503,N,214755,004,10973795,2037-07-21,,Y,,
228570,N,204822,001,8754123,2029-05-19,,Y,,
223795,N,211710,001,9676783,2029-10-21,,,U-2469,
233901,N,208510,003,7105486*PED,2023-08-24,,,,
219303,N,205437,002,9724330,2023-03-19,,,U-1561,
217309,N,022264,002,9439906,2031-01-26,,,U-1901,
219789,N,208623,001,10251873,2038-05-30,,,U-2371,
219823,N,204370,001,7737142,2029-09-17,Y,Y,U-2543,
227787,N,208470,001,8268806,2031-03-19,,Y,,
225423,N,214801,001,9108973,2033-02-23,Y,Y,U-3456,
232780,N,021453,002,7135465*PED,2023-08-18,,,,
224189,N,021301,002,7101569,2023-10-02,,,U-759,
231326,N,211225,001,8835430,2023-01-31,Y,Y,,
222491,N,203565,004,11433091,2027-01-08,,,U-3436,
229353,N,022314,002,8101599,2023-05-16,,Y,,
217364,N,022081,002,9474752,2027-12-11,,,U-1754,
231129,N,203752,004,9833419,2028-07-10,,Y,,
231240,N,021936,002,7837235,2028-03-13,,Y,,
228746,N,022360,001,8940772,2029-04-30,,Y,,
216570,N,021060,001,8765680,2024-10-01,,,U-55,
232270,N,204629,002,7713938,2027-04-15,Y,Y,,
228908,N,204824,001,11446441,2026-01-24,,Y,,
224026,N,212161,001,9770441,2035-08-31,Y,Y,U-2524,
226133,N,208716,001,7855211,2029-12-15,Y,Y,U-3243,
227733,N,207202,002,8545402,2030-04-27,,Y,,
229012,N,202880,003,10322120,2033-07-25,,Y,,
226122,N,208692,002,11098015,2030-01-15,,,U-3225,
221244,N,214012,001,10851377,2036-08-25,,,U-3652,
232690,N,021035,001,8802142*PED,2031-12-07,,,,
217003,N,050444,001,9084802,2031-05-12,,,U-282,
233151,N,205834,002,9284342*PED,2031-03-13,,,,
232419,N,020845,003,9265911*PED,2031-07-06,,,,
234399,N,216354,001,11446291*PED,2036-09-07,,,,
227394,N,208171,003,10414831,2029-03-25,Y,Y,,
227470,N,206627,007,9872837,2031-12-21,,Y,,
217474,N,203858,003,9364470,2025-03-07,,,U-1851,
230130,N,020533,007,8162915,2024-05-23,,Y,,
219707,N,202429,001,8470818,2026-08-02,,,U-1418,
229365,N,021947,002,8119158,2024-12-30,,Y,,
223372,N,207202,002,8956288,2029-07-06,,Y,U-2167,
224049,N,208573,001,9539251,2033-09-06,,,U-2538,
229853,N,205108,001,11013703,2034-04-01,,Y,,
225140,N,022272,006,11304909,2027-08-24,,,U-1556,
219186,N,208510,004,7671031,2023-02-24,,,U-727,
217706,N,210563,004,8703780,2026-12-28,,,U-1491,
227788,N,209531,001,7838657,2027-07-11,Y,,,
232879,N,022249,002,8791270*PED,2026-07-12,,,,
234367,N,212480,002,8633309*PED,2029-09-26,,,,
232272,N,202834,005,8772497,2026-07-01,Y,,,
225113,N,206038,001,8846718,2029-07-02,,,U-1908,
230410,N,208798,008,9731087,2031-05-18,,Y,,
221546,N,209210,001,8431685,2025-04-13,,Y,U-3190,
217201,N,208780,001,8084475,2030-01-08,,,U-2052,
226394,N,208780,003,7910610,2030-01-08,,,U-2048,
217591,N,022406,003,7157456,2024-08-28,Y,Y,U-1302,
225104,N,208078,001,11268128,2032-06-29,,,U-2956,
220803,N,203312,003,8454998,2028-12-26,,Y,U-1646,
221549,N,203389,002,10548859,2036-08-16,,,U-1399,
218216,N,204370,001,7737142,2029-09-17,Y,Y,U-2544,
222192,N,214187,001,9085573,2028-03-21,Y,Y,U-1470,
230959,N,021829,001,10130589,2030-12-22,,Y,,
220238,N,213051,003,10278923,2034-05-02,,,U-2628,
216693,N,205649,002,6515117,2025-10-04,Y,Y,U-493,
216132,N,020832,007,7422388,2027-04-25,,Y,U-1397,
227390,N,211617,001,11613511,2040-06-19,Y,,,
222537,N,215272,001,11612573,2036-05-19,,,U-2625,
221303,N,208564,001,11266661,2034-02-02,,,U-2316,
232971,N,022406,001,9415053*PED,2025-05-13,,,,
220753,N,207932,001,8147866,2027-07-23,,Y,U-1769,
222398,N,022496,002,11452691,2041-01-22,,Y,U-3439,
222607,N,022580,003,8580299,2029-06-14,,,U-3399,
221419,N,217660,001,8629162,2025-06-24,,,U-3592,
226982,N,207931,001,8399015,2024-08-25,,Y,,
223672,N,209241,001,10993941,2037-10-10,,,U-1995,
227192,N,207318,002,7923564,2025-09-26,Y,Y,,
232586,N,021977,001,7662787*PED,2023-08-24,,,,
226957,N,202788,007,10016403,2027-01-25,,Y,,
233663,N,208082,001,10959996*PED,2036-09-07,,,,
219436,N,206619,001,8492386,2032-09-04,,,U-1840,
217886,N,205552,002,8754090,2031-06-03,,,U-1456,
230858,N,203756,002,11298349,2032-02-10,,Y,,
228124,N,209500,001,9616061,2029-05-27,,Y,,
228260,N,207999,001,10751349,2036-04-26,,Y,,
226792,N,205718,001,8951969,2030-11-18,,Y,,
220417,N,210563,001,10478439,2031-06-03,,,U-1650,
232090,N,213137,002,10017491,2032-12-28,,Y,,
234175,N,208798,008,11173259*PED,2041-01-06,,,,
234446,N,214358,003,7932273*PED,2026-03-07,,,,
218930,N,202799,003,7550433,2026-06-02,,,U-1238,
225349,N,202714,001,8207127,2025-04-14,,,U-2319,
232055,N,022272,006,10675278,2023-11-20,,Y,,
225496,N,214793,001,10947197,2037-06-09,Y,Y,U-3130,
229210,N,211913,005,9700535,2035-08-04,,Y,,
222900,N,216951,004,11117871,2038-03-13,Y,Y,U-3535,
232235,N,202860,001,9701538,2029-01-28,,Y,,
221110,N,209521,003,9255068,2033-02-09,Y,Y,U-2408,
228807,N,022272,004,11304908,2027-08-24,,Y,,
229730,N,022200,002,7563871,2024-04-15,,Y,,
220875,N,209195,001,8735372,2028-03-21,Y,Y,U-2039,
221513,N,022200,001,7456254,2025-06-30,,Y,U-3189,
232057,N,021986,005,8680103,2025-02-04,,Y,,
225202,N,203565,002,8895612,2027-01-08,,,U-3051,
227514,N,022437,001,10166181,2029-06-30,,Y,,
226365,N,209500,003,10117867,2029-05-27,,,U-3271,
228274,N,204114,001,9271941,2032-01-28,,Y,,
220999,N,205739,001,9492476,2033-10-08,,,U-1766,
227281,N,210132,002,10052386,2032-11-21,,Y,,
218200,N,207925,001,9670163,2026-12-28,,Y,U-1311,
230492,N,204242,004,10946010,2032-09-18,,Y,,
224133,N,215498,002,10981952,2031-11-08,,,U-3648,
232276,N,211155,002,RE46621,2032-05-17,Y,Y,,
222717,N,213690,001,10213512,2030-10-01,,Y,U-1631,
226354,N,212102,001,11040018,2037-08-02,,,U-3347,
222470,N,214985,002,9732075,2033-06-12,Y,Y,U-620,
233051,N,200603,004,9259423*PED,2031-11-23,,,,
227848,N,215457,001,8425462,2024-11-23,,Y,,
220486,N,211150,001,8354430,2026-02-06,,,U-1101,
228218,N,216018,002,11510878,2038-01-24,,Y,,
217956,N,207202,002,8547248,2030-12-18,,Y,U-2167,
221471,N,215498,003,10487111,2031-11-08,,,U-3186,
233060,N,200603,002,8729085*PED,2026-11-26,,,,
222869,N,216354,003,9550780,2033-09-18,Y,Y,U-3055,
219213,N,204026,002,8673939,2023-05-15,,,U-2254,
233335,N,204275,002,7439393*PED,2025-11-21,,,,
219986,N,212614,001,10406172,2030-06-15,,Y,U-2733,
229174,N,207202,004,8258962,2030-11-25,,Y,,
232343,N,208799,003,8714149,2032-02-25,,Y,,
228317,N,211225,001,8188276,2023-01-31,Y,Y,,
224420,N,208558,001,8143241,2027-08-12,,,U-2832,
229412,N,021361,002,7906542,2025-06-01,Y,Y,,
223335,N,021642,001,9415007,2024-07-28,,,U-1896,
225427,N,209510,002,9084765,2034-02-26,,,U-3467,
216659,N,022192,003,9074256,2031-02-10,,,U-1674,
225730,N,204275,001,11116721,2029-02-26,,Y,U-1691,
225488,N,209363,001,11020377,2035-09-04,,Y,U-2583,
230888,N,021977,003,7223735,2023-02-24,,Y,,
233556,N,207695,001,8168614*PED,2030-07-20,,,,
220058,N,212273,001,10081621,2031-03-25,,Y,U-2652,
234007,N,208799,005,9987229*PED,2025-03-01,,,,
231055,N,208090,002,8449909,2025-03-24,,Y,,
229529,N,208399,001,8178550,2027-04-04,Y,Y,,
226218,N,207103,003,7456168,2023-01-16,,,U-2515,
219949,N,209816,001,10383884,2037-10-31,,,U-2576,
225812,N,214826,003,8999393,2034-01-08,,Y,U-3210,
222633,N,216185,001,11337943,2040-06-05,,Y,U-3660,
225589,N,205437,003,9724330,2023-03-19,,,U-3276,
227487,N,211988,004,10398686,2034-03-13,,Y,,
223946,N,208447,001,11673877,2038-03-27,,Y,U-3647,
217955,N,202806,001,8415345,2030-01-20,Y,Y,U-2031,
220963,N,209589,001,9827231,2034-06-26,,Y,U-2162,
219904,N,205834,002,8580765,2028-03-21,Y,Y,U-1470,
231844,N,207500,002,6812238,2025-10-31,Y,,,
233880,N,208510,001,7659254*PED,2023-08-24,,,,
232353,N,212849,002,11110094,2032-04-10,,Y,,
222949,N,207932,007,9655843,2027-07-23,,Y,U-1556,
226743,N,205787,001,7731686,2026-06-10,,Y,,
217069,N,208944,001,8389578,2028-01-22,,,U-2105,
225825,N,020866,001,8613947,2032-04-30,,Y,U-976,
228568,N,207921,002,10695512,2031-05-18,,Y,,
228675,N,208623,001,11304940,2038-05-30,Y,,,
225679,N,203188,001,8324242,2027-08-05,,,U-1906,
231624,N,208794,001,7553840,2027-12-11,Y,,,
233297,N,204026,002,8673939*PED,2023-11-15,,,,
233705,N,210563,001,8735403*PED,2027-06-28,,,,
230757,N,021529,002,8722037,2027-09-28,,Y,,
231189,N,206406,001,10166190,2028-05-30,,Y,,
217370,N,205874,001,9328133,2024-02-18,Y,Y,U-1577,
221981,N,211723,001,9889138,2035-10-16,,,U-2853,
234291,N,206510,001,7754731*PED,2029-09-11,,,,
231173,N,213378,003,9119848,2031-08-30,Y,,,
216498,N,208745,001,9919024,2031-09-15,,,U-2230,
216515,N,022369,001,8263054,2023-01-15,,,U-1277,
227542,N,210632,003,9782376,2036-12-01,,Y,,
220793,N,210498,001,8193229,2023-03-13,,,U-2330,
234413,N,212690,001,9486426*PED,2033-09-15,,,,
234383,N,213801,001,7342117*PED,2024-05-04,,,,
227021,N,203752,003,9833419,2028-07-10,,Y,,
228377,N,201655,004,8075872,2023-11-20,,Y,,
231164,N,022272,001,10369109,2023-06-16,,Y,,
217583,N,209806,001,9439902,2030-10-21,,,U-2214,
219663,N,209210,001,8461105,2025-04-13,,Y,U-2597,
228475,N,212849,004,11110094,2032-04-10,,Y,,
226402,N,021964,001,9492445,2029-09-30,,Y,U-1185,
228181,N,212273,002,8754224,2026-12-28,Y,Y,,
218460,N,210491,001,10058546,2033-07-15,,,U-2399,
226377,N,209363,001,11324721,2035-09-04,,Y,U-3302,
219465,N,203312,001,8557283,2028-12-26,,Y,U-219,
227347,N,204790,003,8129385,2027-10-05,Y,Y,,
231116,N,207960,001,8287903,2031-02-15,,Y,,
216941,N,202788,005,9289387,2027-01-25,,Y,U-55,
226645,N,209184,001,8685442,2032-11-16,,Y,,
225122,N,212304,001,10966936,2038-08-11,,Y,U-3334,
226400,N,208780,001,7635707,2029-04-22,,,U-2073,
229288,N,206977,009,11096913,2037-02-28,,Y,,
218910,N,022504,001,8784878,2023-07-13,,Y,U-1545,
228035,N,205122,005,9555005,2033-03-19,,Y,,
220858,N,208462,002,9175017,2029-06-16,,,U-2434,
225032,N,215498,001,11365182,2039-06-20,,,U-3187,
223794,N,211580,001,8647605,2029-02-11,,,U-2464,
234178,N,208798,002,8651103*PED,2028-09-26,,,,
222828,N,217639,002,8399520,2023-12-25,Y,Y,U-3523,
234348,N,208658,001,9949997*PED,2034-11-17,,,,
224498,N,212690,001,9050302,2033-03-15,,,U-1532,
228005,N,201655,004,8309060,2023-11-20,,Y,,
224840,N,212157,001,9572819,2036-05-27,,Y,U-2718,
226845,N,213983,001,8129385,2027-10-05,Y,Y,,
226777,N,212123,004,8932557,2029-05-19,Y,,,
218745,N,206627,007,8808740,2031-12-21,,Y,U-1556,
231791,N,209627,001,10940157,2039-06-21,,Y,,
223528,N,204275,002,7439393,2025-05-21,Y,Y,U-1691,
219543,N,202834,004,6949571,2024-06-08,Y,Y,U-2429,
226785,N,209091,002,7919598,2029-12-16,Y,,,
229064,N,021929,002,8528545,2028-10-16,,Y,,
222339,N,209360,003,11559559,2034-12-18,,,U-3514,
222742,N,216660,001,9872865,2033-12-24,,,U-3460,
231535,N,206627,005,9675610,2023-06-16,,Y,,
228328,N,206030,001,8410077,2029-03-13,,Y,,
217603,N,202293,001,8329648,2026-08-18,,,U-2139,
219689,N,209311,004,9034902,2032-03-23,,,U-2357,
219687,N,209311,003,9034902,2032-03-23,,,U-2357,
229153,N,201699,001,7863249,2027-07-31,Y,Y,,
234536,N,214187,002,8921341*PED,2033-05-16,,,,
216753,N,021977,004,7678770,2023-02-24,,,U-842,
231708,N,213953,002,10576090,2030-12-31,,Y,,
220695,N,050805,001,8709478,2024-04-07,,,U-1063,
226887,N,212038,006,10688060,2035-10-30,,Y,,
226469,N,213586,003,9925268,2025-01-12,,Y,,
231711,N,022051,002,9320862,2024-11-06,,Y,,
220099,N,202057,001,8623406,2030-04-29,,,U-2692,
224626,N,202860,001,10124142,2025-08-18,,,U-3037,
231979,N,201655,007,8309122,2023-02-04,,Y,,
233014,N,201281,003,10022379*PED,2029-10-02,,,,
220743,N,021977,007,7718619,2023-02-24,,Y,U-842,
219035,N,206099,001,9649456,2030-10-21,,Y,U-2010,
233411,N,205552,001,8008309*PED,2028-05-13,,,,
219005,N,022321,002,8158156,2027-06-19,,,U-1510,
232847,N,022200,002,7456254*PED,2025-12-30,,,,
230909,N,201655,006,8309122,2023-02-04,,Y,,
233456,N,204629,001,9949997*PED,2034-11-17,,,,
230233,N,204417,001,8431156,2027-10-31,,Y,,
228923,N,210854,003,10392406,2036-04-27,Y,,,
224843,N,208194,001,11103483,2031-01-28,,Y,U-1971,
228520,N,208799,001,10561808,2032-01-01,,Y,,
224785,N,210045,002,10925835,2038-06-14,,,U-2410,
230353,N,209637,001,8579869,2023-06-30,,Y,,
220022,N,022200,002,8461105,2025-04-13,,Y,U-2590,
226998,N,210563,002,9296753,2033-10-30,Y,,,
221670,N,214755,002,11583510,2042-02-07,,,U-3578,
218971,N,020947,001,8618164,2029-07-10,,,U-1477,
230516,N,206406,001,11419823,2028-05-30,,Y,,
222795,N,205422,003,8618109,2026-04-12,,,U-3281,
229489,N,203312,004,9089608,2028-12-26,,Y,,
221787,N,208910,002,10959949,2035-03-13,,Y,U-3104,
223447,N,210583,001,11458145,2039-03-08,,,U-3318,
220382,N,205879,002,7943582,2029-02-26,Y,Y,U-2632,
232660,N,022068,003,8293756*PED,2028-03-25,,,,
225740,N,202192,001,8822481,2028-06-12,,,U-3228,
219700,N,018705,002,7872049,2029-03-12,,Y,U-2223,
218206,N,207925,002,8629162,2025-06-24,,,U-2234,
221393,N,213217,001,11591340,2037-08-15,,,U-2666,
230544,N,209091,002,8221786,2028-03-21,,Y,,
216329,N,022410,002,8475832,2030-03-26,,Y,U-1411,
219286,N,202107,001,9829495,2036-08-15,,,U-1643,
222682,N,202057,002,10568861,2033-06-28,,,U-2756,
216815,N,021995,003,7326708,2026-11-24,Y,Y,U-802,
233938,N,208510,002,7687466*PED,2023-08-24,,,,
224674,N,209363,001,11000507,2035-09-04,,Y,U-3169,
231928,N,021880,006,7855217,2024-11-24,Y,Y,,
228271,N,203137,002,8236282,2024-05-21,Y,Y,,
226259,N,203565,004,7754702,2028-02-15,,,U-3312,
217959,N,202806,002,8415345,2030-01-20,Y,Y,U-2031,
227418,N,208700,001,10596276,2038-07-25,,Y,,
221246,N,210450,001,10682351,2036-09-01,,,U-2850,
225439,N,022117,001,7741358,2026-04-06,Y,Y,U-1962,
231922,N,022272,006,9775808,2027-08-24,,Y,,
233483,N,202192,005,8415362*PED,2028-06-24,,,,
216543,N,021883,001,8143212,2023-11-14,,,U-1517,
231340,N,205552,001,9296753,2033-10-30,Y,Y,,
230069,N,207071,001,7700076,2027-09-18,,Y,,
222061,N,202192,003,8829013,2028-06-12,,,U-1622,
221896,N,205596,001,9358297,2031-06-24,,Y,U-3171,
225022,N,022406,004,9415053,2024-11-13,,Y,U-3206,
222797,N,205422,005,8618109,2026-04-12,,,U-3281,
216262,N,203100,001,8633219,2030-04-30,,Y,U-257,
232283,N,208090,004,10525053,2023-07-07,,Y,,
222032,N,214377,003,9993476,2031-05-19,,,U-3062,
222646,N,213246,002,10172851,2037-10-10,,,U-2827,
226975,N,050808,005,9192615,2031-11-17,,Y,,
226111,N,209195,001,11116783,2034-01-30,,Y,U-2039,
218157,N,208558,002,8912187,2024-03-12,,,U-2483,
218705,N,021977,003,7718619,2023-02-24,,Y,U-842,
219864,N,212480,001,9284342,2030-09-13,Y,Y,U-1470,
228308,N,209863,001,9744302,2035-11-19,,Y,,
221283,N,207620,001,9937143,2033-08-22,,,U-3084,
231811,N,022075,001,8318201,2027-09-05,,Y,,
222101,N,216157,001,11020382,2036-12-02,,,U-3134,
222732,N,210854,003,10633397,2036-04-27,,,U-3000,
219908,N,205834,002,8822430,2030-05-12,Y,Y,U-1470,
221490,N,022200,002,7456254,2025-06-30,,Y,U-3189,
233761,N,210563,002,10004746*PED,2031-12-03,,,,
230006,N,217660,002,8754224,2026-12-28,Y,Y,,
234551,N,212614,001,7713938*PED,2027-10-15,,,,
228976,N,209311,005,8927010,2032-03-23,,Y,,
222484,N,203565,001,11433091,2027-01-08,,,U-3435,
228415,N,210455,001,7390791,2025-04-17,Y,Y,,
219355,N,207958,001,9669009,2034-03-14,,,U-2022,
233978,N,208799,006,8978966*PED,2032-07-13,,,,
222759,N,022264,001,9439906,2031-01-26,,,U-2758,
232924,N,022291,002,8828430*PED,2028-02-01,,,,
233854,N,208510,004,7687466*PED,2023-08-24,,,,
221157,N,205437,001,7208516,2023-03-19,,,U-1505,
233373,N,205109,001,10624855*PED,2035-05-26,,,,
231639,N,210563,001,10828259,2036-03-03,,Y,,
218497,N,201688,001,8869794,2028-09-12,,Y,U-909,
227058,N,213953,003,11590146,2030-12-31,,Y,,
231258,N,020533,007,8118802,2023-05-18,,Y,,
219484,N,205060,001,9050308,2033-01-04,,,U-1511,
216306,N,021991,001,8067472,2023-03-04,,,U-892,
228221,N,201739,001,8016788,2025-03-21,,Y,,
223529,N,021937,001,9018192,2026-06-13,,,U-1170,
232275,N,209483,001,9855334,2035-03-11,,Y,,
222731,N,020965,001,11077192,2038-01-12,,,U-3163,
222611,N,214517,001,11633377,2033-01-25,,,U-3003,
221583,N,209510,001,9084765,2034-02-26,,,U-2754,
216143,N,021454,001,7608608,2023-04-21,,,U-1009,
222151,N,215430,001,10786469,2034-11-05,,,U-3419,
231499,N,022249,001,8609863,2026-01-12,,Y,,
220279,N,022200,001,8361972,2028-03-21,,,U-2588,
228132,N,212535,001,10933089,2039-01-15,,Y,,
217761,N,210563,004,10004746,2031-06-03,,,U-2241,
231073,N,200063,001,8088786,2029-02-03,,Y,,
223820,N,204623,001,9339552,2027-10-17,,Y,U-1488,
232035,N,206321,001,11097063,2026-07-17,,Y,,
225648,N,022321,005,8158156,2027-06-19,,,U-1510,
232168,N,215457,001,8939943,2031-02-28,,Y,,
234235,N,209210,001,6824822*PED,2023-04-09,,,,
219185,N,208510,004,7659254,2023-02-24,,,U-727,
226262,N,203565,004,8895612,2027-01-08,,,U-3315,
216965,N,202971,001,8759351,2023-08-06,,Y,U-1530,
216572,N,021060,003,8765680,2024-10-01,,,U-48,
219563,N,022192,002,9157121,2030-04-05,,,U-1674,
216460,N,202799,002,7919461,2026-06-02,,,U-1238,
223045,N,211192,001,9474779,2033-08-19,Y,Y,U-3386,
231991,N,212535,001,10702490,2039-03-15,,Y,,
218756,N,205649,001,8685934,2030-05-26,,,U-1522,
231145,N,209863,002,9180259,2026-01-24,,Y,,
224883,N,021880,006,9056120,2023-04-11,,,U-1982,
229594,N,208798,002,9616024,2024-09-01,,Y,,
226630,N,201739,001,9278182,2026-02-01,,Y,,
219846,N,021880,004,7189740,2023-04-11,,,U-1982,
229586,N,021856,001,7361676,2024-03-08,,Y,,
225785,N,205552,002,9795604,2034-10-24,,,U-2970,
231536,N,206627,007,9750703,2031-12-21,,Y,,
227115,N,213426,001,9012440,2030-04-19,Y,Y,,
228949,N,207947,002,8791122,2030-08-01,Y,Y,,
223658,N,209241,003,10851104,2036-10-28,Y,,U-1995,
222963,N,203312,004,9901640,2028-12-26,,Y,U-219,
228567,N,205395,001,7700645,2026-12-26,Y,Y,,
224054,N,022474,001,10159681,2030-04-13,,,U-2510,
217667,N,210259,001,9796721,2036-07-01,Y,Y,U-2145,
233638,N,207561,001,8148374*PED,2030-03-03,,,,
233508,N,202192,002,8722693*PED,2028-12-12,,,,
228194,N,208791,001,9504666,2033-12-11,,Y,,
228440,N,213137,001,9447071,2035-02-06,Y,Y,,
232033,N,209637,001,9775953,2026-07-17,,Y,,
234303,N,208341,002,8921341*PED,2033-05-16,,,,
227907,N,021610,003,8871779,2029-11-22,Y,,,
223721,N,213736,003,11628162,2040-08-30,,,U-3571,
222933,N,206488,001,9243245,2028-10-27,Y,,U-2098,
230092,N,021947,004,8119158,2024-12-30,,Y,,
230481,N,021272,001,9593066,2028-12-15,Y,,,
222188,N,214187,002,8735372,2028-03-21,,,U-1470,
229016,N,205777,002,9073933,2025-03-30,Y,,,
229357,N,021977,002,7223735,2023-02-24,,Y,,
219825,N,204370,001,RE47350,2029-07-16,,,U-2543,
222365,N,215430,001,11273134,2034-11-05,,,U-3419,
224213,N,210861,002,10285993,2035-11-16,,,U-2470,
220269,N,022200,001,7612176,2025-04-13,,Y,U-2590,
231191,N,214665,002,10519146,2038-05-21,Y,Y,,
216618,N,206829,001,7129232,2028-05-15,Y,Y,U-36,
229065,N,204031,001,8658631,2032-05-16,,Y,,
225988,N,203975,001,8511304,2027-06-14,,Y,U-1476,
221523,N,022200,001,8431685,2025-04-13,,Y,U-3189,
231045,N,206111,004,7579449,2028-08-01,Y,,,
233437,N,205552,001,10125140*PED,2033-12-03,,,,
233274,N,203389,001,10548859*PED,2037-02-16,,,,
218701,N,021977,003,7659254,2023-02-24,,,U-1034,
216135,N,020845,003,8282966,2029-06-30,,,U-1286,
218308,N,204353,002,7943582,2029-02-26,Y,Y,U-2441,
226059,N,209410,004,8895616,2025-11-23,,,U-3054,
224006,N,212819,001,8487093,2029-11-19,Y,Y,U-2586,
229236,N,209863,002,8021335,2026-10-04,,Y,,
226684,N,209862,001,7749194,2028-10-30,,Y,,
219002,N,204623,001,8546450,2030-08-09,,,U-1436,
217302,N,209115,001,7531530,2024-07-23,,,U-2273,
216960,N,202971,004,8030313,2024-10-19,,,U-1632,
223542,N,203469,003,9029533,2026-12-22,,,U-1283,
223614,N,208694,001,8829005,2030-03-15,,,U-1680,
224355,N,208082,002,11648244,2036-03-07,,,U-1995,
221459,N,202806,002,10869869,2033-08-30,,,U-3185,
223043,N,211192,001,9850277,2033-01-18,Y,Y,U-3386,
221972,N,204447,003,11458134,2027-06-15,,Y,U-3463,
231994,N,206940,001,7741356,2029-05-27,Y,Y,,
231831,N,201739,003,9737669,2024-11-23,,Y,,
230424,N,207103,001,RE47739,2027-03-05,Y,Y,,
230702,N,210854,003,10759814,2037-08-09,Y,Y,,
222455,N,208558,001,8912187,2024-03-12,,,U-2823,
223066,N,200533,003,11344512,2028-04-21,,,U-3391,
228857,N,209311,004,11241392,2032-03-23,,Y,,
216864,N,204760,002,7056500,2024-06-29,,Y,U-1185,
223593,N,205437,002,9724330,2023-03-19,,,U-1595,
224929,N,209381,001,10792306,2032-03-09,,Y,U-2310,
227276,N,211810,002,8404700,2027-11-21,Y,,,
221432,N,211150,002,8486947,2029-09-26,,,U-1102,
218477,N,021880,002,9155730,2023-05-15,,,U-2550,
217353,N,205552,001,8476284,2026-12-28,,,U-1456,
222985,N,022036,002,9861607,2027-05-18,,,U-620,
229612,N,203137,001,8236282,2024-05-21,Y,Y,,
229186,N,209862,001,8231573,2028-11-25,,Y,,
216687,N,202788,004,8835460,2027-01-25,,Y,U-55,
227989,N,208082,003,11666566,2033-09-18,,Y,,
225237,N,213801,001,10058536,2036-03-31,,Y,U-3108,
230719,N,204242,001,9439900,2032-09-18,,Y,,
224234,N,208552,001,10335391,2035-06-11,,,U-2567,
219115,N,206627,006,9492391,2027-08-24,,,U-1556,
225878,N,209241,002,10912771,2037-10-10,,,U-1995,
226731,N,021468,001,7465465,2024-08-26,,Y,,
226352,N,214826,004,8999393,2034-01-08,,Y,U-3210,
217556,N,203389,002,8026284,2027-09-22,,,U-1399,
216987,N,203312,004,8454998,2028-12-26,,Y,U-1646,
227742,N,212614,003,9415016,2029-04-02,,Y,,
232509,N,021977,005,7678770*PED,2023-08-24,,,,
220596,N,022200,002,8501698,2027-06-20,,Y,U-2588,
234380,N,212102,001,10478441*PED,2033-11-03,,,,
219192,N,208510,005,7687467,2023-02-24,,Y,U-727,
219555,N,203137,001,8691185,2023-01-24,,,U-336,
228297,N,022029,002,8809615,2030-01-03,,Y,,
230853,N,214628,001,10568850,2038-01-30,,Y,,
222539,N,205552,001,8497277,2026-12-28,,,U-2241,
230299,N,207202,005,8718193,2029-12-05,,Y,,
221122,N,207202,005,9268909,2033-10-15,,Y,U-2168,
231248,N,205703,001,8829054,2033-03-15,,Y,,
232274,N,214324,003,10772883,2030-06-11,,Y,,
228755,N,212489,001,8907099,2027-05-12,Y,,,
230894,N,200533,005,8420056,2023-11-20,,Y,,
228342,N,217171,001,7989589,2027-12-04,Y,,,
216141,N,021453,004,7135465,2023-02-18,,Y,U-167,
216948,N,021775,001,8946262,2030-02-12,,,U-1655,
222677,N,208564,001,10568891,2033-06-18,,,U-2316,
224464,N,209963,001,10973811,2037-02-07,,,U-2226,
218703,N,209022,001,10076615,2029-07-30,,,U-2133,
233598,N,206111,001,10610489*PED,2031-03-30,,,,
229244,N,213312,001,11497737,2040-10-28,,Y,,
222934,N,206488,002,9243245,2028-10-27,Y,,U-2098,
228733,N,022024,002,8668931,2023-09-19,,Y,,
217424,N,208341,001,8735372,2028-03-21,,,U-1470,
227129,N,204275,001,8534281,2030-03-08,,Y,,
221172,N,202057,001,11369582,2033-06-28,,,U-2841,
231537,N,021372,001,7947724,2024-01-30,,Y,,
231114,N,022024,001,9060941,2023-09-19,,Y,,
220263,N,213138,001,8859510,2027-07-31,,,U-2741,
233538,N,202343,005,7125873*PED,2023-01-26,,,,
217066,N,206099,001,9649456,2030-10-21,,Y,U-1719,
233041,N,200603,005,8883794*PED,2026-11-26,,,,
217821,N,204026,003,8198262,2025-06-17,,,U-2254,
234547,N,213138,001,7863249*PED,2028-01-31,,,,
218395,N,211929,002,9707182,2036-09-09,,Y,U-2554,
231942,N,209241,003,10919892,2036-12-22,Y,Y,,
216519,N,201635,004,9622983,2027-11-16,,Y,U-1992,
217920,N,208065,001,9732058,2032-07-25,Y,Y,U-1777,
227654,N,022108,001,7241805,2026-06-27,,Y,,
225707,N,208692,002,11098015,2030-01-15,,,U-2488,
229160,N,209410,002,8895618,2025-11-23,,Y,,
226368,N,209500,002,9199995,2029-03-12,,,U-2713,
234037,N,208799,001,9216260*PED,2031-12-28,,,,
220620,N,021660,001,7923536,2023-12-09,,,U-1290,
226830,N,204592,002,9173854,2030-04-23,,Y,,
232005,N,050795,007,9511031,2034-10-23,,Y,,
218269,N,022291,001,7547719,2025-07-13,Y,Y,U-2451,
231932,N,209311,004,9283214,2032-03-23,,Y,,
218064,N,208686,001,10154987,2036-03-25,,,U-3,
217487,N,021713,001,9387182,2023-12-25,,,U-1529,
229276,N,206977,015,11096913,2037-02-28,,Y,,
234139,N,208798,007,8978966*PED,2032-07-13,,,,
220178,N,202057,002,10278935,2033-06-28,,,U-2701,
226809,N,202570,001,7858643,2029-10-08,Y,Y,,
227590,N,214012,001,9708615,2024-03-08,Y,,,
217019,N,205787,001,10220158,2035-03-20,,Y,U-2500,
230962,N,022184,001,8933127,2025-03-16,,Y,,
228418,N,216196,003,11254652,2038-11-21,Y,Y,,
220907,N,208079,001,9877974,2030-08-31,,Y,U-1858,
221430,N,211150,001,8354430,2026-02-06,,,U-1102,
222080,N,213176,001,10570142,2033-07-02,Y,Y,U-3063,
219146,N,203284,001,10045959,2030-09-22,,,U-1816,
233201,N,205388,001,9278101*PED,2024-01-30,,,,
226999,N,022325,001,7635773,2029-03-13,,Y,,
224402,N,207589,001,10660908,2031-06-10,,Y,U-2627,
224717,N,021272,004,9713599,2024-12-16,,,U-2036,
220259,N,211723,001,10369155,2035-10-16,,,U-2736,
229327,N,204824,008,11497753,2030-03-19,,Y,,
220598,N,022200,002,9884092,2026-08-18,,,U-2588,
221293,N,202880,001,10722511,2033-07-25,,,U-1810,
233610,N,206143,002,7867996*PED,2027-06-12,,,,
232625,N,022012,003,8101209*PED,2026-03-11,,,,
233730,N,210563,001,10752634*PED,2033-12-03,,,,
219999,N,201699,001,7906489,2027-03-04,,,U-2741,
228610,N,201688,001,8069851,2024-09-24,,Y,,
230310,N,214410,001,8987441,2031-09-21,Y,Y,,
228585,N,203137,002,8916131,2028-09-16,,Y,,
222687,N,215515,001,10683501,2036-07-28,Y,Y,U-3396,
232243,N,209863,002,10478560,2026-01-24,,Y,,
223011,N,210854,001,11306106,2037-08-09,,,U-3000,
224265,N,209115,002,7531530,2024-07-23,,,U-2830,
219067,N,204824,007,8579865,2030-03-19,,Y,U-1442,
224872,N,205353,003,8883842,2028-06-13,,,U-1669,
220079,N,210259,001,10167291,2036-07-01,,Y,U-2667,
229297,N,208254,001,11185538,2034-03-14,,Y,,
221318,N,214787,001,11266681,2038-07-10,,,U-3367,
220438,N,210563,004,10478439,2031-06-03,,,U-2665,
228170,N,021977,006,7223735,2023-02-24,,Y,,
228017,N,214253,001,11154498,2036-07-20,,Y,,
232977,N,022433,001,RE46276*PED,2025-04-30,,,,
222282,N,208082,003,11357772,2036-03-07,,,U-1995,
224181,N,211994,001,11234985,2031-01-24,,Y,U-257,
225238,N,211230,001,10959976,2038-06-01,,,U-3151,
224730,N,208510,005,7723305,2023-02-24,,Y,U-727,
218279,N,210884,001,8440631,2026-05-09,,Y,U-1719,
219021,N,205123,001,9353103,2026-07-28,,,U-1467,
233712,N,210563,001,8497277*PED,2027-06-28,,,,
223255,N,213498,002,10220023,2035-12-10,,,U-3103,
226436,N,205580,001,8791270,2026-01-12,,Y,U-1971,
233845,N,208510,004,7671031*PED,2023-08-24,,,,
228216,N,021842,001,9320714,2029-02-03,,Y,,
230921,N,214787,001,10065958,2031-09-16,Y,,,
233704,N,210563,001,8754091*PED,2027-06-28,,,,
216633,N,022249,002,8791270,2026-01-12,,Y,U-1542,
232203,N,207202,003,8114021,2030-06-21,,Y,,
225826,N,021991,001,8450372,2028-03-18,,,U-892,
226591,N,202293,001,8721615,2030-01-18,,Y,,Y
225729,N,213004,001,11135172,2034-02-12,,Y,U-2660,
219997,N,212097,004,9649364,2036-04-22,,Y,U-2742,
226810,N,202971,001,8722679,2024-10-19,,Y,,
233425,N,205552,001,10004746*PED,2031-12-03,,,,
218128,N,212018,003,9464071,2031-04-28,,,U-2518,
217826,N,211358,002,8716338,2030-09-20,,Y,U-2396,
223373,N,207202,005,8956288,2029-07-06,,Y,U-2167,
221305,N,208564,001,11266661,2034-02-02,,,U-2317,
228941,N,213378,004,7262298,2025-11-23,Y,,,
220483,N,021964,002,10376584,2024-04-08,,Y,U-1185,
229944,N,206977,004,11096913,2037-02-28,,Y,,
234021,N,208799,003,9066957*PED,2035-04-06,,,,
219857,N,212480,001,8334270,2028-03-21,Y,Y,U-1470,
227998,N,205552,001,8735403,2026-12-28,Y,Y,,
226525,N,204640,001,9119876,2035-03-13,,Y,,
218049,N,208277,001,6949571,2024-06-08,Y,Y,U-2428,
229690,N,209806,003,9308204,2030-10-21,,Y,,
216420,N,022184,001,8586630,2025-03-16,,,U-1458,
216746,N,021977,003,7678770,2023-02-24,,,U-842,
233001,N,201280,001,7407955*PED,2025-11-02,,,,
223130,N,204042,002,10617668,2031-05-11,,Y,U-493,
218450,N,201635,003,10314790,2027-11-16,,Y,U-1992,
219065,N,201635,002,9549940,2027-11-16,,Y,U-1675,
231595,N,022259,001,7169401,2023-07-18,,Y,,
225187,N,210854,001,10633397,2036-04-27,,,U-3000,
227672,N,208799,006,11357935,2038-09-24,,Y,,
225702,N,211988,003,11083730,2035-04-20,,Y,U-3118,
232478,N,021977,007,7659253*PED,2023-08-24,,,,
229561,N,214755,003,10925844,2040-02-28,,Y,,
228896,N,211882,001,11679116,2036-06-06,,Y,,
222105,N,204485,005,9981006,2035-01-30,,,U-1857,
229471,N,021546,001,6790837,2023-04-05,,Y,,
233054,N,200603,003,8729085*PED,2026-11-26,,,,
225416,N,211358,003,9192606,2029-09-29,,Y,U-3428,
233510,N,202192,002,8829013*PED,2028-12-12,,,,
220111,N,202057,002,8709475,2030-04-29,,,U-2689,
227547,N,210861,002,9127013,2029-10-21,Y,Y,,
222069,N,208065,001,8946235,2032-08-08,Y,Y,U-3016,
221384,N,210875,005,11419769,2031-12-16,,Y,U-2825,
218252,N,021880,001,7968569,2023-10-07,,,U-1984,
234075,N,208798,004,10124131*PED,2031-11-18,,,,
221997,N,211723,001,10369155,2035-10-16,,,U-2852,
231727,N,208944,001,8889740,2025-11-23,,Y,,
228188,N,209354,001,10251895,2036-06-06,,Y,,
220854,N,208351,001,7125879,2025-04-21,Y,Y,U-257,
218419,N,205122,003,10363224,2033-03-19,,,U-766,
226357,N,209500,003,11052084,2039-08-30,,Y,U-3363,
229191,N,206544,004,10314788,2028-08-12,,Y,,
226859,N,204326,006,8840924,2026-04-09,,Y,,
224768,N,207947,008,10828298,2036-12-01,,Y,U-2991,
230504,N,213586,005,9023897,2033-04-05,,Y,,
231201,N,212489,002,8907099,2027-05-12,Y,,,
229900,N,210833,002,8765167,2024-02-20,,Y,,
225046,N,214860,002,11202767,2036-10-17,,,U-3502,
233645,N,206192,001,10590102*PED,2036-12-30,,,,
216724,N,021778,001,9101540,2024-04-22,,Y,U-755,
217561,N,209819,001,9827241,2031-06-06,,Y,U-2211,
222317,N,202324,001,10570202,2035-02-03,,,U-2844,
232230,N,205858,002,9469643,2033-09-02,Y,,,
233798,N,210563,003,10106548*PED,2033-12-03,,,,
232829,N,022181,001,7727987*PED,2025-05-17,,,,
226446,N,206843,001,8900566,2027-08-08,,,U-1724,
232750,N,021372,001,9066980*PED,2024-07-30,,,,
218221,N,204370,003,7737142,2029-09-17,Y,Y,U-1750,
224871,N,202811,003,8110553,2024-01-28,,,U-1516,
228036,N,210526,001,8337890,2027-03-15,,Y,,
230118,N,208434,001,9365514,2032-03-04,,Y,,
228120,N,019734,003,7612102,2027-12-26,,Y,,
217429,N,208624,001,8466159,2032-09-04,,,U-1637,
233681,N,208694,001,9254286*PED,2033-01-09,,,,
228992,N,022239,001,7901385,2026-07-31,,Y,,
222619,N,021361,001,10703763,2026-02-27,,,U-2848,
224968,N,210875,001,8414922,2031-12-16,,Y,U-2825,
229118,N,212122,001,11331442,2038-05-10,,Y,,
