id,struct_id,pka_level,value,pka_type
8077,4913,pKa1,4.23,a
148,96,pKa3,7.19,b
6365,3572,pKa1,8.05,a
7964,4858,pKa30,10.93,b
5754,3165,pKa2,9.43,a
6124,3416,pKa1,10.0,b
1433,799,pKa2,11.02,a
8637,5274,pKa2,12.47,a
6961,4164,pKa20,13.56,a
2699,1517,pKa1,3.56,b
2053,1149,pKa1,9.01,b
3962,2214,pKa3,13.99,a
5324,2876,pKa1,1.37,b
8685,5294,pKa8,8.88,b
6806,4072,pKa2,9.62,a
4601,2520,pKa3,0.73,b
4064,2267,pKa1,13.99,a
5054,2733,pKa1,7.05,a
5019,2708,pKa2,6.98,b
7179,4340,pKa1,9.4,b
2948,1640,pKa1,12.93,a
3634,2025,pKa2,3.55,b
3650,2037,pKa1,10.07,a
2935,1633,pKa2,12.73,a
1588,889,pKa2,8.86,b
7225,4380,pKa2,9.33,b
3418,1902,pKa1,5.7,b
1716,976,pKa3,1.66,b
3383,1896,pKa7,6.59,b
4426,2441,pKa2,7.72,b
3804,2124,pKa1,2.79,a
643,385,pKa4,4.04,a
3601,2002,pKa1,3.67,a
7427,4514,pKa28,10.81,b
6766,4006,pKa1,2.23,a
5865,3249,pKa2,7.44,a
7551,4622,pKa12,13.98,a
6909,4141,pKa5,2.65,b
2902,1617,pKa1,12.94,a
2731,1532,pKa1,2.23,b
7747,4741,pKa2,8.89,b
2561,1438,pKa1,11.87,a
7604,4655,pKa2,7.78,b
6232,3487,pKa1,7.65,b
7769,4803,pKa1,8.78,b
7043,4213,pKa1,12.94,a
2419,1353,pKa1,8.36,b
4537,2498,pKa1,6.14,a
5713,3133,pKa6,6.87,b
7263,4411,pKa1,9.47,b
3485,1928,pKa3,2.04,b
7274,4419,pKa6,0.47,b
2802,1567,pKa4,10.01,b
1511,846,pKa2,6.63,a
2022,1123,pKa29,10.31,b
5482,2989,pKa17,13.68,a
2571,1444,pKa1,13.21,a
4237,2368,pKa3,12.44,a
1822,1010,pKa33,13.78,a
4707,2561,pKa1,8.61,b
8405,5198,pKa3,4.37,a
2616,1468,pKa1,11.84,a
1133,629,pKa2,9.15,a
1455,813,pKa1,13.68,a
3482,1927,pKa2,0.0,b
3285,1847,pKa2,8.63,b
7792,4815,pKa1,3.15,a
6240,3496,pKa2,2.55,b
6769,4006,pKa4,9.51,b
1436,800,pKa2,2.23,b
8010,4888,pKa1,8.7,a
8714,5303,pKa2,13.41,a
7099,4268,pKa2,10.76,a
6591,3773,pKa2,11.56,a
5399,2960,pKa7,13.64,a
7926,4836,pKa7,13.52,a
2707,1519,pKa5,6.99,b
8063,4908,pKa2,9.82,a
7490,4580,pKa2,12.34,a
3330,1869,pKa1,2.76,a
8365,5194,pKa3,8.86,b
4138,2318,pKa4,8.15,b
8550,5251,pKa2,2.61,b
1099,611,pKa2,2.74,b
2211,1239,pKa1,9.23,a
6781,4050,pKa3,5.16,a
1123,624,pKa6,13.29,a
5951,3300,pKa4,4.31,b
8429,5202,pKa1,6.49,a
7486,4574,pKa1,8.86,a
2810,1574,pKa1,10.05,a
6997,4175,pKa3,3.79,b
7826,4815,pKa35,10.45,b
3212,1811,pKa3,6.51,b
398,232,pKa1,8.05,a
7575,4639,pKa1,1.28,a
8386,5195,pKa21,13.52,a
5449,2975,pKa2,11.9,a
4469,2467,pKa1,9.96,b
3189,1800,pKa1,6.49,b
5856,3245,pKa1,11.02,a
8413,5198,pKa11,13.19,a
2297,1297,pKa1,13.75,a
7359,4466,pKa1,5.82,a
8726,5306,pKa3,5.0,b
7026,4187,pKa1,9.74,b
4291,2386,pKa3,1.22,b
8105,4927,pKa9,12.57,a
4741,2580,pKa6,11.33,a
7521,4611,pKa1,4.76,a
1178,656,pKa2,1.2,b
6281,3522,pKa1,11.51,a
2875,1603,pKa1,2.14,a
3709,2063,pKa1,4.39,a
344,198,pKa1,2.79,a
8747,5328,pKa2,13.49,a
551,316,pKa2,8.99,a
1448,808,pKa1,9.86,b
8802,5352,pKa4,9.6,a
5945,3296,pKa1,8.7,b
230,139,pKa10,13.83,a
2667,1487,pKa1,8.56,b
7323,4429,pKa9,12.76,a
5339,2878,pKa13,13.6,a
4497,2481,pKa2,12.62,a
2120,1190,pKa1,2.47,b
6730,3956,pKa4,13.7,a
4208,2354,pKa2,9.56,a
4289,2386,pKa1,8.91,a
5770,3178,pKa1,4.89,a
5179,2807,pKa10,13.2,a
5711,3133,pKa4,11.91,b
864,515,pKa4,12.0,a
221,139,pKa1,3.97,a
6718,3931,pKa1,12.91,a
7893,4831,pKa2,3.16,a
6023,3336,pKa2,1.28,b
8200,5005,pKa2,7.19,b
2386,1328,pKa3,7.29,a
2897,1614,pKa1,4.19,a
1226,679,pKa3,7.52,b
3805,2125,pKa1,11.89,a
3199,1803,pKa3,8.39,b
5803,3201,pKa3,9.94,b
6835,4116,pKa1,1.06,a
2253,1261,pKa1,4.75,a
6169,3456,pKa2,1.73,b
1650,937,pKa4,9.03,b
4178,2340,pKa2,5.72,b
289,165,pKa3,2.76,b
2246,1256,pKa1,5.83,b
7142,4319,pKa3,12.81,a
7024,4186,pKa5,10.16,b
90,66,pKa3,12.92,a
2618,1469,pKa2,13.94,a
5585,3045,pKa2,9.04,b
5515,2994,pKa24,13.74,a
332,192,pKa3,7.63,b
3586,1993,pKa1,8.21,b
6618,3802,pKa1,7.03,a
4039,2248,pKa1,12.49,a
5291,2861,pKa1,9.17,a
1464,817,pKa5,13.39,a
8844,5379,pKa3,1.64,b
387,228,pKa1,9.88,a
2774,1552,pKa1,12.31,a
3841,2149,pKa1,13.86,a
1146,638,pKa1,4.58,a
83,61,pKa2,2.03,b
5635,3074,pKa2,13.31,a
1294,721,pKa2,4.63,b
5013,2706,pKa1,8.6,a
3154,1784,pKa3,3.45,b
2348,1312,pKa4,11.82,a
7198,4368,pKa1,13.25,a
6129,3417,pKa4,13.7,a
7244,4399,pKa2,3.76,a
2898,1614,pKa2,13.75,a
2568,1443,pKa1,12.08,a
336,195,pKa1,9.89,b
729,425,pKa2,3.96,b
5129,2781,pKa2,9.23,a
4361,2414,pKa2,12.47,a
3078,1740,pKa1,8.43,a
5217,2823,pKa5,6.11,b
4552,2503,pKa1,6.16,a
7773,4806,pKa2,1.85,b
2944,1637,pKa4,13.93,a
1050,579,pKa11,13.8,a
8532,5241,pKa3,10.18,b
255,147,pKa1,8.75,b
4387,2428,pKa1,7.68,a
312,181,pKa1,4.84,b
5564,3027,pKa2,8.8,b
1996,1123,pKa3,3.86,a
2719,1524,pKa1,10.58,a
1533,856,pKa2,6.19,b
1925,1067,pKa2,4.71,a
2763,1547,pKa1,9.23,a
3332,1871,pKa1,10.63,a
7181,4342,pKa1,8.64,a
5251,2834,pKa4,2.49,b
5501,2994,pKa10,12.43,a
8687,5295,pKa2,5.15,b
1309,736,pKa3,0.93,b
1476,825,pKa1,11.48,a
68,50,pKa2,1.82,b
7857,4821,pKa18,13.37,a
5067,2740,pKa1,8.74,b
3762,2092,pKa3,1.84,a
7434,4516,pKa1,3.35,a
5131,2782,pKa1,8.76,b
4869,2642,pKa1,7.8,b
4514,2484,pKa1,8.32,b
5090,2757,pKa2,2.49,b
5999,3328,pKa1,7.78,b
8086,4920,pKa3,2.52,b
6634,3817,pKa1,10.09,b
752,436,pKa7,10.75,b
8058,4903,pKa3,3.25,b
2256,1263,pKa1,3.58,a
4607,2523,pKa1,5.61,a
8231,5032,pKa4,7.38,a
4969,2680,pKa2,13.5,a
5254,2836,pKa1,8.98,a
896,520,pKa1,9.31,b
2329,1308,pKa3,12.48,a
4576,2511,pKa3,1.59,b
5709,3133,pKa2,12.92,a
5222,2825,pKa4,6.58,b
6599,3787,pKa1,9.34,b
4804,2602,pKa2,7.66,a
2837,1585,pKa3,8.77,b
6175,3463,pKa1,11.19,a
3015,1700,pKa1,13.06,a
1127,625,pKa3,13.47,a
219,137,pKa1,9.19,b
838,503,pKa3,4.29,b
3192,1801,pKa3,7.09,b
7289,4424,pKa7,8.62,b
8060,4906,pKa2,3.3,b
3278,1843,pKa2,5.36,b
4837,2621,pKa3,1.83,b
618,372,pKa2,2.74,b
5723,3141,pKa2,12.99,a
606,364,pKa1,6.32,a
7234,4384,pKa5,4.59,b
3273,1840,pKa1,5.43,b
4709,2562,pKa2,8.16,b
3188,1799,pKa1,3.23,b
8570,5258,pKa3,4.95,b
3478,1925,pKa1,1.74,a
4300,2388,pKa3,13.92,a
6585,3769,pKa2,9.15,b
8108,4927,pKa12,12.95,a
4605,2522,pKa2,2.27,b
8167,4941,pKa2,7.08,b
445,255,pKa1,12.92,a
104,77,pKa3,11.63,a
260,155,pKa1,8.57,a
4154,2328,pKa1,11.39,a
308,179,pKa1,13.78,a
1064,583,pKa8,13.71,a
8588,5267,pKa5,4.22,a
3473,1922,pKa1,2.5,b
5851,3237,pKa1,11.08,a
1883,1040,pKa3,13.39,a
957,545,pKa1,2.73,a
3879,2169,pKa1,8.8,b
4074,2272,pKa2,7.0,b
8615,5267,pKa32,7.88,b
7618,4666,pKa1,3.25,a
7341,4429,pKa27,6.54,b
7140,4319,pKa1,2.96,a
4896,2643,pKa26,13.96,a
3113,1762,pKa3,13.39,a
2117,1189,pKa4,13.04,a
8811,5358,pKa1,8.98,b
4160,2331,pKa2,4.33,b
2576,1445,pKa3,3.18,b
1826,1010,pKa37,11.11,b
1521,853,pKa3,4.61,b
3736,2076,pKa1,10.48,b
2806,1569,pKa2,8.29,b
7671,4689,pKa4,3.11,b
1006,562,pKa4,3.85,b
4523,2490,pKa2,6.8,a
4347,2407,pKa1,10.6,a
1207,670,pKa1,10.44,a
2724,1527,pKa2,3.5,b
5097,2761,pKa1,8.9,b
6499,3701,pKa2,11.5,a
4909,2645,pKa8,7.43,b
1930,1071,pKa1,3.19,a
8061,4907,pKa1,11.54,a
2359,1321,pKa2,0.04,b
4962,2676,pKa1,3.57,a
4412,2433,pKa22,11.48,b
6324,3544,pKa1,2.47,a
6553,3743,pKa1,4.4,a
546,314,pKa5,6.88,b
6341,3556,pKa2,13.08,a
3202,1806,pKa1,13.55,a
5421,2967,pKa1,9.65,a
2166,1219,pKa1,4.2,a
6292,3526,pKa7,5.7,b
7632,4673,pKa1,10.64,a
5920,3278,pKa1,5.09,a
2785,1559,pKa5,13.39,a
4748,2580,pKa13,7.17,b
1634,925,pKa1,13.75,a
6004,3329,pKa4,12.54,a
7071,4233,pKa4,8.0,a
5436,2968,pKa4,12.82,a
5658,3092,pKa1,13.69,a
7012,4183,pKa1,10.25,a
7943,4858,pKa9,12.33,a
7757,4758,pKa3,13.7,a
7563,4627,pKa8,13.79,a
6182,3465,pKa2,0.43,a
5085,2750,pKa2,4.61,b
2286,1283,pKa1,10.69,a
7537,4621,pKa4,12.96,a
6444,3652,pKa1,6.94,b
4598,2519,pKa3,1.46,b
8656,5286,pKa1,12.24,a
2609,1464,pKa3,12.12,a
2988,1673,pKa1,9.52,a
2283,1280,pKa3,1.22,b
6587,3771,pKa1,8.8,b
2644,1478,pKa1,8.16,b
3930,2199,pKa2,13.79,a
8022,4892,pKa3,13.27,a
7725,4721,pKa1,11.28,a
6026,3340,pKa1,7.96,b
7946,4858,pKa12,12.8,a
6480,3685,pKa1,7.29,a
1841,1018,pKa1,4.41,a
1228,680,pKa2,4.05,a
8583,5266,pKa1,13.0,a
6190,3465,pKa10,6.01,a
4141,2319,pKa3,13.91,a
3975,2223,pKa2,6.99,a
1687,960,pKa3,9.92,a
5192,2810,pKa5,13.19,a
2740,1536,pKa1,13.04,a
3291,1851,pKa1,2.92,a
1838,1015,pKa1,7.61,a
4671,2548,pKa17,13.74,a
7463,4548,pKa2,12.45,a
6888,4134,pKa3,4.21,b
1968,1103,pKa2,11.17,a
6560,3748,pKa1,6.79,b
517,297,pKa2,10.96,a
3528,1960,pKa3,12.63,a
4642,2540,pKa1,10.0,a
8199,5005,pKa1,8.0,b
8591,5267,pKa8,9.65,a
3398,1901,pKa8,13.0,a
8466,5218,pKa4,0.57,b
2312,1304,pKa1,5.31,a
129,90,pKa4,3.95,b
3385,1896,pKa9,5.7,b
4229,2363,pKa1,7.07,b
7688,4716,pKa2,8.49,b
6902,4140,pKa6,13.47,a
7398,4508,pKa3,13.64,a
235,139,pKa15,10.43,b
6364,3568,pKa2,8.92,b
3510,1949,pKa1,7.28,a
3837,2145,pKa1,4.62,a
3596,2000,pKa1,6.88,a
1126,625,pKa2,9.38,a
5771,3179,pKa1,11.87,a
3663,2042,pKa2,12.47,a
2417,1352,pKa1,11.78,a
1173,654,pKa1,7.42,b
7887,4828,pKa1,3.74,a
3301,1856,pKa1,7.96,b
2250,1258,pKa2,10.59,a
3456,1916,pKa2,3.66,b
4302,2389,pKa1,7.78,b
193,120,pKa4,0.34,b
384,227,pKa3,12.03,a
8259,5067,pKa2,12.17,a
6465,3672,pKa1,9.09,b
3531,1966,pKa2,12.35,a
6271,3514,pKa1,6.4,a
2183,1231,pKa2,5.15,a
5434,2968,pKa2,11.9,a
1489,833,pKa1,4.28,a
4050,2254,pKa2,12.04,a
5902,3273,pKa8,9.07,b
5994,3325,pKa2,1.5,a
3696,2054,pKa2,3.58,b
670,392,pKa3,1.44,b
75,56,pKa2,9.21,a
1760,994,pKa15,13.62,a
6168,3456,pKa1,8.9,b
6282,3522,pKa2,6.24,b
178,113,pKa1,11.68,b
8496,5232,pKa13,13.1,a
373,220,pKa1,8.29,b
6073,3382,pKa1,13.69,a
5331,2878,pKa5,12.58,a
1080,596,pKa1,12.19,a
2482,1388,pKa1,12.31,a
3299,1854,pKa3,2.92,b
3339,1874,pKa2,8.23,b
7976,4866,pKa1,10.21,b
1940,1083,pKa2,5.85,b
3263,1835,pKa4,12.8,a
6837,4116,pKa3,6.27,a
3915,2190,pKa1,8.33,b
7108,4285,pKa2,4.25,b
8374,5195,pKa9,12.46,a
807,483,pKa1,8.14,b
7645,4678,pKa6,12.17,a
4377,2422,pKa2,12.53,a
1509,845,pKa3,13.91,a
3717,2067,pKa6,6.9,b
7871,4821,pKa32,10.3,b
2620,1470,pKa2,10.19,a
2829,1581,pKa1,4.42,a
6631,3815,pKa1,7.67,a
3284,1847,pKa1,13.62,a
7886,4827,pKa2,12.82,a
1217,676,pKa1,13.67,a
5753,3165,pKa1,4.79,a
8554,5252,pKa3,6.11,b
1459,816,pKa2,3.43,b
8858,5388,pKa1,8.84,a
5463,2977,pKa6,10.04,b
5237,2830,pKa2,12.11,a
5924,3281,pKa1,4.99,a
1718,978,pKa1,4.95,b
1166,648,pKa3,3.95,b
835,502,pKa1,4.79,a
2041,1137,pKa2,0.46,b
1039,578,pKa1,13.21,a
8216,5013,pKa1,9.4,b
2407,1346,pKa1,13.07,b
4838,2624,pKa1,9.75,a
7595,4652,pKa2,12.53,a
6044,3357,pKa3,2.21,b
7691,4718,pKa1,2.81,a
7912,4832,pKa1,9.69,a
2451,1374,pKa2,11.99,a
508,290,pKa1,7.17,b
4488,2473,pKa3,7.35,b
1095,609,pKa1,6.53,a
1858,1028,pKa1,9.97,a
5155,2799,pKa1,9.85,a
3082,1744,pKa1,2.76,a
1807,1010,pKa18,12.92,a
5195,2810,pKa8,10.75,b
4207,2354,pKa1,4.2,a
5318,2874,pKa2,10.43,a
2295,1293,pKa1,4.96,a
7139,4318,pKa3,4.09,b
553,317,pKa1,7.12,a
2755,1546,pKa1,9.65,a
8443,5208,pKa9,13.22,a
5132,2784,pKa1,10.46,a
872,515,pKa12,13.04,a
6698,3884,pKa1,8.99,b
1948,1091,pKa1,3.31,a
162,104,pKa1,10.01,a
8785,5347,pKa2,8.9,b
6863,4120,pKa1,0.95,a
2412,1347,pKa5,8.52,b
8536,5243,pKa1,4.64,a
8683,5294,pKa6,13.5,a
4540,2499,pKa1,6.53,a
1990,1119,pKa1,12.73,a
7833,4817,pKa3,8.72,a
1234,686,pKa1,9.21,b
5219,2825,pKa1,10.02,a
995,559,pKa1,2.53,a
2587,1450,pKa2,3.52,a
6635,3818,pKa1,9.14,b
7904,4831,pKa13,10.75,b
4646,2543,pKa1,11.23,a
1874,1037,pKa1,4.12,a
624,376,pKa2,8.92,b
7703,4718,pKa13,12.83,a
2046,1142,pKa1,1.68,b
22,25,pKa2,12.92,a
6242,3497,pKa2,1.83,b
1161,645,pKa3,0.0,b
3705,2057,pKa5,6.11,b
6181,3465,pKa1,0.16,a
1541,862,pKa1,1.28,a
5552,3015,pKa1,10.41,b
8425,5198,pKa23,10.15,b
5342,2878,pKa16,13.96,a
3261,1835,pKa2,8.12,a
7775,4808,pKa1,10.22,b
6427,3639,pKa1,1.0,a
3081,1742,pKa2,3.55,b
2457,1377,pKa1,1.48,a
4248,2373,pKa4,0.35,b
713,415,pKa3,2.16,b
5634,3074,pKa1,2.6,a
4882,2643,pKa12,12.31,a
392,230,pKa1,8.8,a
3428,1905,pKa1,11.69,a
5165,2805,pKa2,9.66,a
3505,1943,pKa1,6.29,a
5233,2828,pKa1,7.03,b
7035,4193,pKa1,8.8,b
2206,1236,pKa7,12.26,a
2227,1244,pKa2,3.57,a
3072,1735,pKa3,0.0,b
4245,2373,pKa1,11.65,a
6912,4148,pKa1,12.64,a
5341,2878,pKa15,13.84,a
628,377,pKa2,6.94,b
2730,1531,pKa3,8.23,b
3593,1997,pKa1,9.97,a
3077,1739,pKa1,2.56,b
6768,4006,pKa3,13.4,a
4017,2236,pKa26,11.0,b
7992,4874,pKa3,1.38,b
6814,4074,pKa6,5.65,b
6214,3476,pKa3,1.08,b
131,91,pKa2,3.35,a
3760,2092,pKa1,0.82,a
7330,4429,pKa16,13.49,a
7888,4828,pKa2,12.82,a
614,369,pKa1,10.48,b
8274,5080,pKa3,13.06,a
3328,1868,pKa8,10.75,b
3954,2210,pKa1,2.31,a
2345,1312,pKa1,1.97,a
6058,3363,pKa6,3.13,b
2910,1619,pKa5,11.9,a
8780,5345,pKa5,1.11,b
5557,3023,pKa2,3.76,b
1405,783,pKa14,10.43,b
4966,2679,pKa1,11.93,a
1323,750,pKa2,9.54,a
8222,5020,pKa2,2.55,b
4529,2494,pKa2,7.07,b
7,13,pKa2,10.59,a
2404,1345,pKa1,7.92,a
3713,2067,pKa2,12.96,a
892,517,pKa2,6.19,b
2590,1451,pKa2,2.02,b
3819,2134,pKa1,7.56,a
6421,3636,pKa1,4.27,a
2681,1498,pKa1,10.26,a
5897,3273,pKa3,9.76,a
5954,3301,pKa3,12.25,a
5158,2801,pKa3,7.81,b
3490,1932,pKa1,11.89,a
1495,837,pKa1,8.38,b
5563,3027,pKa1,9.59,a
7771,4805,pKa2,12.47,a
7984,4869,pKa2,0.0,b
7869,4821,pKa30,10.81,b
413,237,pKa4,13.76,a
343,197,pKa6,8.62,b
5024,2712,pKa1,3.23,a
947,541,pKa4,2.98,b
1042,579,pKa3,12.02,a
4258,2376,pKa4,8.26,b
137,92,pKa2,6.36,a
1653,939,pKa2,11.64,a
692,403,pKa3,5.98,b
2652,1482,pKa1,10.46,a
588,350,pKa1,11.48,a
8225,5027,pKa1,11.44,a
5439,2968,pKa7,13.43,a
4253,2374,pKa5,13.19,a
4401,2433,pKa11,12.95,a
6483,3686,pKa2,2.33,b
5903,3273,pKa9,7.12,b
6332,3551,pKa1,1.74,a
5246,2831,pKa1,13.62,a
46,39,pKa1,11.57,a
7377,4481,pKa3,13.34,a
3943,2204,pKa2,4.12,b
8008,4887,pKa2,11.39,a
4452,2460,pKa2,3.44,b
3527,1960,pKa2,12.03,a
5247,2832,pKa1,4.94,b
696,406,pKa3,0.89,b
8761,5334,pKa2,12.59,a
8731,5307,pKa2,8.08,b
7014,4183,pKa3,13.25,a
7528,4613,pKa5,13.44,a
4943,2664,pKa1,10.34,a
902,524,pKa1,2.39,a
326,190,pKa1,10.27,a
8815,5360,pKa1,10.22,a
1601,894,pKa3,8.23,b
4900,2643,pKa30,10.63,b
7468,4553,pKa1,10.18,a
663,390,pKa1,9.11,b
3397,1901,pKa7,12.91,a
7216,4379,pKa5,12.82,a
8513,5232,pKa30,9.94,b
2009,1123,pKa16,13.29,a
2405,1345,pKa2,4.36,b
6907,4141,pKa3,8.92,b
4522,2490,pKa1,4.55,a
5150,2797,pKa1,4.92,a
2646,1479,pKa2,2.38,b
2943,1637,pKa3,13.33,a
7578,4639,pKa4,3.07,a
292,167,pKa1,9.43,b
7171,4338,pKa5,13.77,a
2777,1555,pKa2,7.29,b
8798,5351,pKa3,0.49,b
4590,2516,pKa3,2.08,b
3498,1937,pKa1,2.09,b
7834,4817,pKa4,11.2,a
6097,3402,pKa1,2.48,a
8463,5218,pKa1,8.03,b
5949,3300,pKa2,1.01,a
1899,1044,pKa4,8.63,a
8452,5210,pKa2,8.43,b
8740,5325,pKa2,7.89,b
7710,4718,pKa20,13.45,a
8290,5100,pKa3,7.01,b
7232,4384,pKa3,10.26,a
8845,5379,pKa4,1.05,b
922,530,pKa3,1.52,b
4204,2353,pKa4,12.86,a
1300,729,pKa1,13.82,a
479,276,pKa2,8.87,b
33,35,pKa2,12.48,a
814,489,pKa1,13.13,a
4080,2274,pKa3,2.21,b
4010,2236,pKa19,13.43,a
6760,4002,pKa2,3.36,b
2264,1272,pKa1,8.14,b
3958,2213,pKa1,4.63,a
5242,2830,pKa7,13.92,a
6162,3449,pKa2,3.54,b
2653,1482,pKa2,9.25,b
823,495,pKa1,12.59,a
3250,1828,pKa1,4.79,a
438,252,pKa2,11.92,a
3362,1889,pKa3,4.8,b
3024,1708,pKa1,5.99,a
4676,2548,pKa22,10.57,b
4228,2362,pKa6,4.79,b
5141,2787,pKa4,7.98,b
325,188,pKa1,7.3,b
7858,4821,pKa19,13.42,a
5093,2758,pKa2,5.01,b
170,111,pKa1,12.58,a
1160,645,pKa2,6.71,b
421,243,pKa1,12.81,a
6261,3507,pKa3,5.03,b
5104,2767,pKa1,6.33,a
4826,2617,pKa2,5.65,b
3436,1907,pKa4,0.0,b
4072,2271,pKa2,2.5,b
4915,2649,pKa1,9.16,b
8722,5305,pKa1,8.36,a
6655,3828,pKa4,11.96,a
8247,5058,pKa1,6.46,a
575,341,pKa1,3.54,a
4480,2471,pKa1,12.8,a
2712,1520,pKa4,8.03,b
449,257,pKa2,11.82,a
1274,706,pKa3,3.76,b
6085,3391,pKa2,11.8,a
434,250,pKa3,8.39,b
1757,994,pKa12,13.4,a
3594,1997,pKa2,2.4,b
2606,1463,pKa4,13.95,a
3980,2230,pKa1,7.57,b
3427,1904,pKa3,1.74,b
1333,757,pKa1,8.23,b
7122,4304,pKa2,13.26,a
3079,1741,pKa1,7.28,a
8582,5262,pKa3,4.76,b
6552,3742,pKa2,4.75,b
6905,4141,pKa1,9.42,a
1891,1042,pKa3,7.01,b
2189,1232,pKa1,3.61,a
7939,4858,pKa5,4.16,a
1118,624,pKa1,3.26,a
8564,5256,pKa2,9.17,b
3988,2233,pKa1,9.57,b
1298,725,pKa1,8.38,b
4946,2666,pKa1,2.19,a
4198,2352,pKa2,10.89,a
1791,1010,pKa2,3.55,a
6647,3825,pKa3,6.9,b
8054,4902,pKa1,13.68,a
1071,588,pKa1,4.65,a
6935,4160,pKa3,9.51,b
2489,1393,pKa2,8.64,b
955,544,pKa2,3.92,a
4669,2548,pKa15,13.61,a
8096,4922,pKa8,0.73,b
116,85,pKa2,13.01,a
1733,987,pKa2,1.56,a
2598,1461,pKa1,10.73,a
4193,2350,pKa3,2.72,b
7236,4394,pKa1,9.46,a
3710,2064,pKa1,8.13,b
4396,2433,pKa6,12.09,a
5615,3065,pKa4,13.43,a
7005,4180,pKa4,12.76,a
4465,2466,pKa1,5.98,a
1434,799,pKa3,6.04,b
5249,2834,pKa2,11.89,a
2994,1676,pKa2,5.42,a
7277,4420,pKa3,13.67,a
1198,666,pKa4,13.14,a
1496,837,pKa2,2.37,b
4582,2513,pKa3,2.06,b
6827,4111,pKa1,6.06,a
4880,2643,pKa10,4.81,a
3824,2137,pKa1,13.72,a
7114,4300,pKa1,6.37,a
5398,2960,pKa6,13.32,a
3640,2031,pKa1,7.24,a
6550,3741,pKa1,9.3,b
3197,1803,pKa1,13.07,a
5442,2968,pKa10,6.69,b
6968,4164,pKa27,13.97,a
8729,5306,pKa6,0.35,b
6726,3952,pKa2,0.0,b
139,92,pKa4,13.04,a
7286,4424,pKa4,12.11,a
7620,4666,pKa3,12.9,a
4400,2433,pKa10,12.81,a
2196,1234,pKa1,11.74,a
2979,1664,pKa1,8.37,b
4037,2247,pKa1,12.65,a
3851,2155,pKa1,0.76,a
2137,1202,pKa1,1.89,b
6305,3535,pKa6,13.49,a
3170,1792,pKa3,9.29,b
6617,3801,pKa1,10.74,b
5571,3035,pKa1,4.99,a
3999,2236,pKa8,12.6,a
5049,2729,pKa1,5.22,b
8235,5046,pKa1,13.38,a
4985,2685,pKa1,12.82,a
4097,2284,pKa1,9.04,b
3033,1711,pKa1,0.61,a
8671,5290,pKa1,8.84,a
6442,3646,pKa2,5.55,b
4820,2612,pKa2,5.42,b
1855,1025,pKa1,2.79,a
4536,2497,pKa2,1.93,b
3530,1966,pKa1,9.59,a
1602,897,pKa1,7.63,b
5177,2807,pKa8,12.78,a
703,410,pKa2,6.89,b
4370,2418,pKa3,4.69,b
6211,3474,pKa2,5.02,a
4438,2449,pKa2,10.5,b
3365,1892,pKa1,11.67,a
1263,702,pKa4,11.9,a
3909,2186,pKa2,1.82,b
3471,1920,pKa2,3.14,b
2820,1577,pKa3,8.85,b
2993,1676,pKa1,3.65,a
2401,1343,pKa1,11.71,a
2960,1648,pKa1,3.38,a
3950,2207,pKa3,4.2,b
1976,1109,pKa1,4.22,b
6743,3976,pKa1,11.38,a
7955,4858,pKa21,13.49,a
1163,647,pKa1,8.69,b
3266,1836,pKa2,4.98,b
3921,2195,pKa1,8.9,b
8226,5027,pKa2,8.5,b
1272,706,pKa1,8.61,a
5202,2815,pKa1,8.91,b
1411,786,pKa1,7.85,a
8183,4962,pKa1,11.08,a
1719,979,pKa1,6.63,b
1686,960,pKa2,9.21,a
5087,2755,pKa1,7.01,b
7183,4353,pKa2,7.88,b
4487,2473,pKa2,8.03,b
6797,4061,pKa1,9.15,b
5547,3011,pKa1,12.37,a
4249,2374,pKa1,1.57,a
2020,1123,pKa27,11.25,b
3605,2004,pKa1,12.77,a
2202,1236,pKa3,2.46,a
7876,4822,pKa2,13.69,a
4715,2566,pKa4,12.97,a
40,37,pKa1,11.55,a
6607,3793,pKa1,9.3,b
5624,3069,pKa4,13.12,a
6559,3747,pKa2,3.55,b
6577,3766,pKa1,8.99,b
277,159,pKa2,11.41,a
4550,2502,pKa2,2.88,b
1142,634,pKa1,8.29,a
742,433,pKa1,9.31,b
4696,2556,pKa2,9.48,a
4521,2487,pKa2,5.28,a
8156,4931,pKa32,10.3,b
4381,2423,pKa1,4.41,a
7435,4516,pKa2,4.08,a
302,174,pKa2,12.51,a
5108,2770,pKa1,2.98,b
4531,2494,pKa4,0.66,b
8356,5188,pKa2,6.03,b
7742,4732,pKa1,5.05,a
6661,3832,pKa3,2.45,b
485,278,pKa2,10.12,a
474,274,pKa2,4.74,b
4963,2676,pKa2,8.48,a
2373,1325,pKa7,12.79,a
5514,2994,pKa23,13.7,a
7324,4429,pKa10,12.77,a
1823,1010,pKa34,13.8,a
1741,990,pKa2,10.94,b
4085,2277,pKa1,9.12,b
3086,1746,pKa3,0.0,b
1283,711,pKa3,2.31,b
7399,4508,pKa4,8.71,b
8706,5299,pKa6,10.7,b
4297,2387,pKa6,4.27,b
5707,3131,pKa1,7.5,b
6391,3604,pKa2,8.29,a
297,172,pKa1,7.1,b
5516,2994,pKa25,13.89,a
443,254,pKa3,4.94,b
7583,4641,pKa1,9.73,b
8617,5269,pKa1,13.3,a
8801,5352,pKa3,6.17,a
3847,2153,pKa2,10.35,a
1289,717,pKa2,3.09,b
4595,2518,pKa2,1.83,b
3722,2070,pKa1,6.12,a
240,140,pKa2,10.88,a
3359,1887,pKa1,7.87,b
2104,1184,pKa2,13.02,a
4895,2643,pKa25,13.91,a
2773,1550,pKa3,10.47,b
2915,1619,pKa10,8.44,b
6040,3354,pKa2,9.93,b
1396,783,pKa5,12.39,a
574,339,pKa1,8.72,a
912,527,pKa2,11.72,a
6993,4173,pKa3,2.9,b
3666,2042,pKa5,13.47,a
7546,4622,pKa7,12.94,a
8759,5330,pKa2,2.61,b
7249,4400,pKa2,13.71,a
91,69,pKa1,9.02,b
860,514,pKa2,1.8,b
2845,1588,pKa3,6.95,b
5872,3257,pKa1,9.79,b
6481,3685,pKa2,8.99,b
1424,792,pKa4,13.04,a
7979,4867,pKa2,3.9,b
4427,2441,pKa3,3.61,b
3501,1940,pKa1,9.19,b
2360,1322,pKa1,4.16,a
3848,2153,pKa3,12.36,a
5427,2967,pKa7,13.57,a
5769,3177,pKa1,6.49,b
3792,2112,pKa2,0.27,b
1934,1077,pKa1,6.36,b
2640,1475,pKa1,13.24,a
2151,1212,pKa3,2.72,b
1104,615,pKa1,9.04,b
6474,3679,pKa1,12.78,a
5394,2960,pKa2,11.44,a
686,401,pKa1,4.32,a
1572,884,pKa2,9.9,b
676,396,pKa2,7.75,b
8153,4931,pKa29,11.01,b
4162,2332,pKa2,0.6,b
7970,4862,pKa1,11.69,a
6254,3505,pKa2,5.61,b
2135,1201,pKa1,11.78,a
3897,2180,pKa3,2.21,b
3870,2164,pKa1,2.87,a
1322,750,pKa1,7.85,a
527,303,pKa2,1.44,b
8842,5379,pKa1,6.82,b
6138,3424,pKa2,9.09,b
538,311,pKa1,3.05,a
80,59,pKa2,4.21,b
6185,3465,pKa5,1.34,a
5506,2994,pKa15,12.95,a
7514,4608,pKa1,8.76,a
8462,5217,pKa1,8.18,b
2958,1646,pKa1,10.86,b
537,308,pKa4,0.96,b
8289,5100,pKa2,7.99,b
5553,3016,pKa1,8.8,b
8393,5195,pKa28,13.87,a
5617,3068,pKa1,3.57,a
5541,3008,pKa2,12.85,a
3245,1825,pKa1,13.45,a
826,495,pKa4,13.57,a
1407,784,pKa1,8.6,b
7870,4821,pKa31,10.55,b
4201,2353,pKa1,4.16,a
1184,659,pKa2,8.54,b
1308,736,pKa2,12.53,a
8412,5198,pKa10,13.03,a
187,117,pKa1,8.67,a
8,13,pKa3,13.49,a
5056,2733,pKa3,1.29,b
1290,718,pKa1,3.55,b
2858,1592,pKa2,5.01,b
940,539,pKa1,2.85,a
8477,5229,pKa1,9.32,a
3656,2041,pKa3,9.79,a
5734,3153,pKa1,7.0,b
5327,2878,pKa1,3.79,a
3923,2197,pKa1,13.28,a
8323,5153,pKa1,2.29,a
3577,1988,pKa3,11.15,a
7248,4400,pKa1,12.95,a
1437,802,pKa1,3.25,a
2564,1438,pKa4,4.32,b
7083,4250,pKa2,4.99,a
2642,1476,pKa2,2.34,b
2696,1513,pKa1,5.12,b
7610,4659,pKa2,5.06,b
976,551,pKa3,0.73,b
4275,2379,pKa2,7.28,a
7272,4419,pKa4,9.13,a
7765,4799,pKa2,9.28,b
4612,2524,pKa3,1.48,b
7404,4514,pKa5,4.44,a
2357,1319,pKa2,9.94,b
233,139,pKa13,10.91,b
2493,1395,pKa2,7.83,b
7838,4819,pKa2,4.66,b
7378,4482,pKa1,9.45,a
2619,1470,pKa1,8.81,a
4107,2297,pKa1,2.79,a
6338,3553,pKa3,13.41,a
7331,4429,pKa17,13.5,a
390,229,pKa1,8.5,b
2379,1327,pKa5,13.03,a
5719,3137,pKa1,11.38,b
7412,4514,pKa13,12.93,a
3005,1688,pKa1,9.07,b
1065,583,pKa9,10.75,b
4854,2632,pKa3,1.72,b
3887,2172,pKa2,8.42,b
3676,2047,pKa1,6.87,a
7555,4626,pKa1,1.16,a
8041,4899,pKa1,12.48,a
1025,571,pKa3,7.67,b
8559,5254,pKa1,2.67,b
5152,2798,pKa2,7.83,b
8397,5195,pKa32,10.97,b
6658,3830,pKa1,5.12,a
7410,4514,pKa11,12.75,a
2365,1322,pKa6,13.98,a
6290,3526,pKa5,7.69,b
764,443,pKa2,4.74,b
3631,2024,pKa1,6.23,a
2518,1414,pKa2,9.88,a
4112,2300,pKa1,8.97,b
1967,1103,pKa1,4.95,a
2334,1308,pKa8,3.68,b
3578,1988,pKa4,11.76,a
2727,1530,pKa1,8.8,b
3187,1798,pKa7,13.91,a
8555,5252,pKa4,3.66,b
5735,3153,pKa2,5.2,b
4599,2520,pKa1,7.54,a
1691,961,pKa2,7.13,a
2734,1534,pKa2,13.48,a
651,385,pKa12,13.08,a
3970,2220,pKa1,8.8,b
7697,4718,pKa7,5.16,a
2218,1241,pKa2,3.41,a
1917,1061,pKa1,11.13,a
4773,2588,pKa7,4.62,b
2939,1635,pKa1,8.8,b
5229,2827,pKa2,13.35,a
369,219,pKa2,13.81,a
4587,2515,pKa3,1.61,b
8253,5062,pKa1,10.64,a
7365,4470,pKa1,0.87,a
7801,4815,pKa10,12.61,a
514,296,pKa2,10.12,b
4169,2336,pKa1,1.65,b
4700,2558,pKa1,8.59,b
7592,4650,pKa2,13.63,a
7052,4223,pKa2,13.13,a
859,514,pKa1,9.16,b
2362,1322,pKa3,12.98,a
4594,2518,pKa1,4.75,a
488,280,pKa1,7.17,b
