ndc_product_code,label_id,id
54868-5783,4653cabc-f249-4b4e-95b6-5fb4ddc0ad5d,4115
64380-782,a2c2e8ee-d222-47c5-93c2-8b44160a7e48,44974
37000-946,973ce138-c64e-c059-e053-2a95a90a3148,122525
50184-1011,17ac117c-b3d2-4501-81f6-e2716184fa3a,133885
71547-111,552ad082-747b-1b97-e054-00144ff8d46c,87214
72559-011,e45621ea-cc15-4a8e-98d2-d10ab424a45e,129114
61502-914,2a584f52-f946-5d95-e054-00144ff88e88,8796
63323-117,beb8c6c5-4b6e-4770-b6d4-718e33c7a2ff,10296
51662-1370,94cb045b-5801-db32-e053-2a95a90a93ef,21667
71683-004,d955f612-1267-f1be-e053-2995a90a5345,146138
27437-206,d0fd45bd-7d52-4fa6-a5f7-f46d5651ffa2,18803
72988-0018,94607d5a-3f99-1e82-e053-2995a90aa406,95836
42406-016,696cce52-ff59-417f-8c88-17cee8d5b349,140798
59746-216,a7510768-8a52-4230-6aa0-b0d92d82588f,14609
33342-145,3e0d1436-2e2b-4c34-a9bc-4a6b2ac38af0,44062
53002-9010,d3709517-7eec-44cf-be71-2ce1ac9f0871,42734
50090-5938,5d8a6b98-57a6-49c2-a047-72fa142a4416,63090
52686-340,51e55ec8-b9f3-4475-b34f-e4eb6e46491b,98559
42494-433,9e1563f2-3f75-4422-9ef7-36f2ee3a595b,73078
65145-109,a9010ea8-0923-44e4-a7c7-7d65d37d06db,22682
50672-838,20aabff1-9aca-4cfd-9161-9f591ecf44a8,78179
72385-002,8e6b2a92-7915-4709-9076-3a591bf195eb,67916
13537-998,269c7e12-ca28-40bf-88a1-4138ef692543,80879
68645-585,ec8cd41a-a189-4599-9b29-f797e1d6bdd6,35926
67544-946,d0e63bdb-f663-41f3-9bb2-f03f6c98a31a,4835
51862-615,6c26431c-5ad1-4c79-9db6-1e8071b2c793,57918
0832-0511,80393410-dd51-4cac-b27c-50ece00cca37,23763
30142-909,de6fe18d-ff80-4860-87a0-6693248b18b1,79818
78304-005,3a4537bf-fb59-489a-a147-a80732cac2df,106762
64024-020,56b4d418-1f0f-4505-9d16-1da066e7c4ee,124024
70985-005,70f909b8-461c-4929-8a92-83c5bb5e6f6b,49701
50090-2803,927af761-2f37-4e81-a86e-d4fb17cc1897,49091
67938-0940,26d1506f-b2ce-403a-b8bc-9a63e5e7aa39,79437
70518-2312,803eab29-0d0a-4df0-b504-bcd85ec01ead,42837
36800-053,788307ca-7e3a-9b29-e053-2a91aa0a8e6b,91043
73755-140,a550fbff-eb58-0f9f-e053-2a95a90ab17c,104764
79581-601,e2ed8b29-6032-4baa-848b-b0601686de14,111457
81145-001,b4ceb643-26e1-0404-e053-2a95a90a54c6,118140
59741-262,8d4a9c18-f9e8-4474-8c76-7378bcdcacb6,14029
43602-307,d1f2093f-46b4-434d-ad6b-972434a8b0ff,72862
68577-027,a564229a-b5da-2a46-e053-2a95a90a76ba,113013
12961-117,c57239d6-9472-38c5-e053-2a95a90a219c,127987
72266-126,81b8aae5-a4db-e89d-e053-2a91aa0a3072,15610
64679-105,3ff63de9-3750-46b9-829e-76e6f7b33542,18666
75435-160,ad935cb5-aeea-4c40-9d8b-ff48a5d91af2,115986
51655-116,f2b3b385-658d-5918-e053-2a95a90afcba,68533
39892-0900,d6744502-eab6-41d7-a424-0533f1dad096,98438
75738-009,a505b9d9-583d-b402-e053-2995a90a8e91,104416
62007-011,e3d94ae0-0dee-49fb-b4f5-7e590e2e0500,6946
0078-0687,7714a0ed-34bb-46e6-a0a5-b363908b22c2,48935
70934-865,c50b914d-fcf7-0ad6-e053-2995a90a8f13,67788
42254-050,a4e1d3bc-4e97-4ff0-9e30-22a699c96072,4322
64764-250,a3768c7e-aa4c-44d3-bc53-43bb7346c0b0,54385
21130-544,5483729e-ef1a-47a2-b7cf-c19744f52073,111367
50090-3011,9ca1321e-380a-48d7-8a58-c6501858c1c0,37087
51407-020,74355cd2-b50e-0dc2-e053-2a91aa0aa164,35247
69261-007,b6d8a9b6-1fdd-6a54-e053-2995a90a2c1a,126350
50241-993,160c0125-c568-4df9-82ce-2a639bc27471,142498
77368-902,b8e9f88a-d086-98a2-e053-2a95a90a9666,121616
63304-435,b951455c-c235-4e23-9e21-08672d108726,22
23155-133,2bcde264-5f6f-47f6-ae2e-1b7010deacf7,22987
63629-1985,abe38635-1fc7-4737-bd0c-f0a28b275bb7,55834
11980-022,0e5644af-2a3c-493a-bc24-174e5f36235b,48795
41520-176,13984c46-1c67-458a-b1d3-7cf9b053d14a,96514
43598-114,49d7f70d-ff79-0708-3eda-efa5bf61da6c,152089
73598-0681,0ac5d890-c262-4a30-9fd8-2de6cb0f7601,100600
71503-102,a1cd6853-96e0-355a-e053-2a95a90ab445,101257
0404-9974,a6019956-a6e0-4988-a870-6aee06c354c3,57683
58503-070,cb357bc3-f7f4-406d-b124-45f8f7377bb6,95323
81710-020,ecff4c46-2005-4637-b79d-91b84691e7b2,124879
60429-055,1441c255-d3fa-4701-81a0-6b2ce244c97a,20957
67046-965,c4520457-0b0e-493f-805c-c04a788268ee,2949
77371-131,e3cc86cc-cd2a-600d-e053-2995a90a0e44,146503
42388-013,1a0c3bea-c87b-4d25-bb44-5f0174da6b34,61294
68071-4837,862f9f27-c645-2d2e-e053-2991aa0a96b9,33631
0245-0145,730039c2-0a32-4775-855d-98b2207e93e2,11305
68071-2503,c974d975-8616-3551-e053-2995a90a65f3,43860
54868-5995,ac4fc4e3-f9a6-4176-96a9-a2c78fad96e0,3780
71335-1684,57462baf-2f32-4bde-9627-2214c8af9370,60855
63931-4449,b945d7cb-0b0b-4bbb-e053-2a95a90ad5d5,121251
55319-300,1d8087b5-c63d-4787-ba96-982cf3111abe,93270
35000-181,ddc09ce5-181a-1b50-7094-314bb58a15cf,148259
76494-531,d818ef84-9b3e-434b-92d9-910cfa8af7da,25265
67225-6802,b05a5d6e-37fc-994d-e053-2a95a90a8df1,116764
63868-833,e8d2ec82-806e-4755-b8af-40380ce33271,133279
0363-1307,b25c4b9f-9fa8-57b4-e053-2a95a90a80ce,121152
70934-657,aa6ce0c1-a67d-3f73-e053-2995a90a729e,27677
68001-163,44cd6d46-fbb9-4836-9426-d8ce2cb6d66d,18865
69238-1106,7036c6df-6527-4701-b484-6b962914b52a,57586
59385-027,bc2b7a3d-72cf-497c-95b0-ba2b71f63c64,42963
72266-200,e93036c6-3120-e989-e053-2a95a90acf7f,68851
0713-0176,a8ed14ef-cd4b-3be7-0b5f-b677c72d2e88,16380
76420-234,14b1840d-a2db-4eec-bc25-029e35b042e4,64907
66969-6020,5a0d8493-01a4-43c5-b150-85e663bab8e4,80891
60505-4706,88166c8d-91c5-7950-063e-6465a22fe54b,121688
50090-1841,5af966ae-535b-492b-ba2c-eeb4e40be959,37039
55910-245,e8c2968c-583d-4906-b709-dbc3ce3833ed,134084
56136-378,b9b771fa-15dc-41ee-b9ca-2e8c73365a9a,109571
68745-2134,94194989-7f0a-4657-84b2-9e788c661b48,126642
60637-046,25b2615d-7291-4581-8208-e20e60d9fd75,96755
0904-7105,a43a5373-ded9-4912-8c98-edaec8352836,40569
72476-916,536cd7d6-a470-4614-89c8-6c3ada582a90,131950
60505-6152,5116231f-82d1-44be-b08e-560c9a50e5c5,22000
70630-0026,d8dbff04-ee0c-70db-e053-2a95a90ab156,144617
50436-0031,c9300368-330a-41bd-97ca-c90ea9159c6d,14625
72934-6122,89535686-83e5-20c6-e053-2a95a90a6d84,15450
71335-1484,912d8697-b466-48dc-88d3-d2ba90e76644,60644
58737-175,3ae831e6-02bd-4662-e054-00144ff8d46c,85025
63941-735,11957517-2cf0-433f-9738-74cc66a9648d,95654
11822-0329,d5d9334d-3db6-4f45-ab84-3e1ec5a752c6,142764
75010-070,c83b9b8c-5667-48b3-8f58-dba343aaeda0,108257
62041-220,f8e09b8e-093d-47d5-a297-7364c89bb3f4,94897
71335-1757,c0e41bf9-e141-404e-9952-aeeb705958b4,60307
0574-0180,d5163535-ae09-4efb-97ef-532789cd7540,53266
58418-223,092bafd9-8c27-56df-e054-00144ff88e88,86681
63629-9186,255f64ba-7667-48e6-8599-3b598bf6f4e9,65244
51660-753,b83de07d-37f4-42b4-b43e-29173454bef0,94608
69536-109,46b84e0b-78a9-4cde-9f90-e165b5419162,135992
21695-290,0372f916-0a26-4115-8075-2d575bfbc15e,4207
77512-002,a5e3fd2e-5bde-110c-e053-2a95a90a59e0,105384
65321-026,aab3fbd7-3fda-4a69-a019-dd3f027a85d2,80848
68788-8401,87f362a7-cf66-4166-af51-ac2da473cf6b,69661
54868-3316,a49ba8e3-e379-44f1-8ad2-b6dae53bbdf8,3214
24794-105,f05390e2-9a0a-46fc-9da4-ad2651487b0a,58876
50090-6111,057a0c8a-c9fc-483a-8216-d2c93ba6cf71,66292
31722-041,ba7d9e82-9b13-4607-b2f9-25e575b8c73b,66805
56136-049,664749b8-58e7-4524-a14e-efaf17605880,110015
63629-2531,172e225e-9a00-4a5c-b209-8f3fa6b58d0f,61858
42681-7076,9f7cca9d-4230-49d7-b805-a1fbc73e31c9,92783
72036-168,053e5d3a-f579-4635-94e9-cbd2be56a9e8,74781
70116-008,ab874291-abb6-43a6-b74b-49926bdfe140,103901
58443-0504,d57e4b6c-0b22-7ab2-e053-2995a90a77e4,141111
63941-299,34f1e92a-be34-4da1-84da-3e8a2a74693b,127044
0363-5335,4fa350ce-720e-4949-8376-e90f0a0f2d66,134127
59088-643,e052d2c2-7a3f-37be-e053-2a95a90af21c,68344
55111-273,aca5d497-fbc6-464d-2dee-25c50e11bc78,137132
78613-201,a7801c70-995d-46a2-91ee-141ef427c6b5,32090
76114-001,f4cbb30e-8f2b-44bb-8043-fc086f5a9b5a,103399
55154-2065,20e156df-a2b6-4710-b526-0419cd17dd33,23376
80499-102,bda8fb1b-890e-b5c3-e053-2995a90a7b99,138008
69423-530,d089139c-f240-3074-e053-2a95a90a8372,135950
70532-002,c25458b5-aa2c-4b06-a6e7-390aca351b0d,84320
58443-0242,3f235977-62cd-08f5-e054-00144ff8d46c,99617
0143-9927,3b3d22dc-df09-4910-8c9b-1204eeedbd68,56590
70710-1852,595e2f3e-c6d4-4a17-bc06-46512b4275b5,72101
0363-9130,a33ae35b-1cde-4a3d-a836-3b169e4f1bb9,131782
82501-1573,0dbae052-58ca-42c5-a6bb-659214668ad9,142793
0054-4858,db564864-17fc-4ba5-a438-a467ef57a0ca,52161
72927-944,766b73f2-67bd-4d5c-805c-1057b3981ebf,129765
67877-230,21ff53b0-b4ba-4473-91e4-76ef41681064,25052
37808-398,3d03ce42-e671-6d76-e054-00144ff8d46c,135115
63629-2152,c19ebf6e-a70a-4d13-9215-948a8544151d,35909
50090-2038,41c21e36-b1d5-4697-9c0d-ca023932524f,70012
68788-9373,b12866e9-92ce-4c17-8b5d-fa755dd717ef,43785
43419-076,8d420e4b-c778-3ed4-e053-2995a90a59a9,124648
50090-4360,1009aa5e-282e-4675-8c3e-aad545ede213,37450
63931-4451,b9463fbf-5d6d-7266-e053-2a95a90ae4fb,121254
51662-1261,74f84173-a43f-7788-e053-2991aa0a8fb2,21596
41250-635,b3ba676e-9377-4665-b99e-d4143df96b36,129436
67536-883,bf4dd60f-3423-4693-8418-85e7b1577c89,85340
53329-652,6823d475-84c6-4d9f-838d-925ccfb96c97,134657
42549-521,54b8f75f-0b85-4685-aae6-dfc8d1fbaf76,3887
76772-001,0c0657b3-6d67-4bf9-9a97-4c439efe1d2b,103766
16571-778,86b0c5a0-ff3c-4840-a4ac-82af922d58bf,37564
98132-710,5a451bf6-3383-4955-a4db-2e41573d26c9,82880
55910-415,6f0adbd8-997d-4c56-845e-82f721b19463,85211
58411-417,c7c7f978-e962-484e-8fd5-2fd0d929d480,88955
70518-1689,7ca8728d-9936-4d43-9671-16621260d654,133575
49967-262,8e076c30-d9bd-44b9-8b3f-d3f0ff5076c4,127402
66288-1300,cf13db9c-d8a1-489f-9aa0-fc70839d4bbc,28313
52389-153,fb9a5647-b7c9-4820-b148-91060e34cb83,134428
72162-1741,99918613-7936-47dd-8565-9cd6c0cc22e3,70221
70005-007,86a72307-cd3b-4f71-8be2-537ffe4fe200,84096
50090-3539,ef4e97a7-cd18-47a9-a016-2eca5481a87e,20450
68026-806,6b15706b-19ad-beba-e053-2991aa0a1734,89867
76398-013,eac7d416-c243-4647-e053-2a95a90abcb7,147969
65692-0551,b7293e9c-cb36-ffdd-e053-2a95a90a912a,119694
30142-510,cc536b67-8b0b-4939-b0fb-9a9e4188c4e5,140259
74721-0002,a49781da-5ec6-e2c3-e053-2995a90ab9d2,106999
21695-831,27badbda-3635-444e-8005-5d5ee16f8c3c,2513
37000-866,d7fe6a64-2306-44ca-90f3-9fc84f14619e,122546
65133-190,ae48aa6d-9242-4bac-a5aa-bda0ce0b2849,100287
67345-6087,dbff9d17-31b5-4ea2-8d73-fe08fbaf59ec,76158
39822-0350,61f4851d-d919-400d-912a-05eb9dca11d4,58528
52000-110,3411924d-1002-460c-83e8-c0c7fbff9ad1,106424
63629-1339,bd89c175-7eb7-6abf-d30f-c6563ec0a525,26881
98132-721,d7a4fc62-6fe4-4f10-8b29-d3bfa4818800,80642
54868-5312,101de879-bb0a-4157-9c0d-2c5720dd454e,4105
68745-2150,d8e64d1a-63a0-44cb-8f93-777cd6fc1173,149726
83437-002,fb0b58ea-565b-9aae-e053-6394a90acbbf,150976
53217-323,5659e616-4858-4543-8e0b-c5477519f8fe,11988
75549-770,6a7b4e1e-ea50-4c9c-9c27-b2d7cc4af7f7,105435
0527-4667,2cedb4c2-1e40-4bc4-b9f4-127150c4afbd,72815
55550-801,a966859f-bf96-5d66-e053-2a95a90a9b58,109295
14141-141,dc25651b-0e30-c325-e053-2995a90a809e,145353
69238-1153,e6be198c-2a5a-4442-8b6d-4ed21a740065,30191
55700-945,65d2dc7b-f8c3-4e50-970b-a2ef209d25eb,47387
53002-1335,e1d39d2f-7c65-4b68-acfa-0d345714ce6e,29302
16714-003,57fcf82e-4120-4fb6-b7dd-9c3ec50a9c4c,35026
79291-653,a8d482d1-2925-107f-e053-2995a90ab812,114256
68682-021,74d32a8a-c4c2-4dbb-b376-eea3f8fa64d7,17178
63739-413,b89656fc-6917-434c-bec2-a4e064e6682a,28252
58892-356,dd68eba8-8d90-487e-a659-327bc3b5bc1a,78469
58602-221,30054101-3e9e-4da9-bc5c-abdab7a5898a,118677
49702-228,63df5af3-b8ac-4e76-9830-2dbb340af922,42269
50268-585,b9fa8381-b75e-b1cd-e053-2a95a90a9883,32093
72572-074,80217bd6-2bc4-401c-9345-22532b36a24f,56740
72189-307,d44e23db-381a-cfc3-e053-2995a90a13c8,55227
73308-358,63a3789a-8fe9-4149-8b7d-d7e6d32aadc5,49326
72839-515,043b447c-4519-37ce-e063-6394a90a7197,152441
51316-052,f6f45d9c-f9fc-225b-e053-6394a90a30e1,149803
66969-6022,b972f07d-3332-450f-8e66-fb935cc09ca9,80897
72043-2287,dffc3fde-5b6e-4a62-8289-9733be43455b,118289
63739-076,d9b7ccf8-aec2-9f48-e053-2a95a90a5d04,62980
0409-8126,93cf0914-de08-4ec6-8f8c-d663243b9958,66091
67877-417,7b4ecaf9-e84c-4660-9cd1-65a238efd8a8,19491
68071-4920,8af9b9ee-8a64-53f5-e053-2a95a90a62a4,33701
57337-015,97dee45e-53be-4b37-a427-fc24388c0e05,95299
43602-283,c47c0704-26f1-41ba-8af6-50250686d612,30698
19218-0001,22cb91e0-ba76-3032-e054-00144ff8d46c,50526
77998-000,a614c2bf-5aba-b5a6-e053-2a95a90a5c20,139572
72146-004,70142046-b706-0653-e053-2a91aa0a8b2d,90244
63187-097,fa22943c-27d3-4419-be9b-ffe7de1a2416,19073
54868-1050,8975a041-76dd-4c5e-aa83-e1021d55a084,77504
73358-911,620ce53a-819d-4556-9069-6f9f13dbc50b,147832
64942-1841,ba4979a3-ae30-42e4-e053-2995a90abfe7,123265
41250-745,aaa825e8-5057-7895-e053-2a95a90a6a35,110626
0338-0050,2a96096d-43cc-49b7-af53-b53c17f41001,54263
54868-6160,6ad06079-bc6f-4dcb-b684-82fbe3a8cb5d,1423
11084-116,c10e0606-6323-4c2e-8f85-3382e3f84246,76745
76214-011,48f016f1-82d4-46c1-917a-b30d4f5c2655,75905
67046-653,2e5c6b7f-1d57-4114-9067-79dca009c4cc,1393
71246-4019,942b2f83-00f1-44c8-bcc1-fd25b92edd11,89286
51367-034,a43fe8df-87da-4073-b078-ec1712bd6807,123193
20890-0040,515cd17d-3abc-4564-84cb-51cba32f0d1c,139039
47124-434,38cd7304-e6d7-4dca-8a75-5bcaa0a96fb3,146068
29500-9354,34ec44d9-702b-4318-922a-af5346ff2c71,86535
0363-7130,09ef6ddb-c7b8-0f85-1eae-c97de84dc220,125644
10135-649,64abfa40-e0ab-46ae-8c7c-7c199b89b7c1,12479
67091-315,ac1c8633-4064-4e2f-9b43-4ae9bdd1a427,117623
54879-039,1afd7fc5-25c9-4796-b376-081b20de8ab3,67331
80684-081,d641ac0d-c25b-4727-b7da-107cdc3312af,148649
73096-064,95e52a8d-2b49-f650-e053-2a95a90aa877,100446
0280-2040,0c771119-4cb4-7137-e054-00144ff88e88,139371
36800-738,031eeb47-9a41-4915-a100-531ca0e88abe,90376
24208-816,a4d03de7-06b7-4cfc-9d1b-616969df209c,39851
51009-106,7f20f8a0-75f9-4365-b00a-a53c6a35b448,75149
70518-2365,75518629-8152-4741-a50f-43596b6036aa,55808
64525-0554,a3a2ab6e-10de-48d6-8b35-3f266d2c4e8f,73171
0002-4182,866e9f35-9035-4581-a4b1-75a621ab55cf,58588
31722-719,f266ab7b-5a68-42b5-b204-e3249bea0aed,35937
64980-226,867748a2-0113-469b-8707-2fcc1e1f105b,8570
71578-004,559044e1-cf42-7112-e054-00144ff88e88,87225
70741-005,1ddd3803-27f3-46dd-aacb-15e402d77602,85124
71776-024,3e6fecc1-df71-4c01-a654-f55635617a7f,51627
55165-1007,cf59f639-11f1-4374-9e5a-7a42f0760089,113073
75010-080,e0e1cb94-0308-439d-bd54-fac7bf3515de,108262
49035-559,7fc09c01-a822-4b8b-a967-dcc7048d226c,83460
16714-761,133a4b65-762b-4712-baba-2442546f0379,23977
70518-2673,35f52a3c-6e79-40c1-91db-0db4335b20d9,59864
24488-005,3d321ada-f343-4905-bd9d-aa1d6e3e9511,73802
71205-322,88c4183a-3032-46de-bf18-f700055f617b,134150
31722-903,2a20b006-aad2-4cef-ac01-5acc557412c5,10075
51316-740,3148f80f-8a0d-4b6c-85be-79085fc04444,150101
61442-403,8c23864d-2374-49c5-8630-4301b8837e2e,38039
14222-2300,dc230e1e-bfb8-4d7c-bad5-bff77d78220e,123835
49884-290,4f94daf8-ceb9-4577-ab71-8b7e3db7ff8e,18384
41250-208,d1278309-f0d5-44f7-8117-b40d7ff0e1c4,124732
11822-0904,6088eea3-f8f0-4f28-8d38-c2209f2d6626,124369
69351-010,ba12597d-1c72-4b3d-b34f-ce15884c3c49,82061
69842-333,372ae3fb-fec0-4c7b-853b-12835c830311,89623
70710-1049,85071242-ccf6-43d7-8ee6-87273d21256f,16504
80136-779,eea1e7ec-1cdf-02e3-e053-2a95a90aed44,148383
0378-0757,a7048c81-6769-436b-8397-fbaa7489fcdf,48728
43063-453,5412835b-27c6-461f-97b9-b5bf03afe7f2,58166
50090-4770,89deaa8c-74d9-4916-ae0d-6c2b908b078c,39628
0591-2533,ed826777-b8c4-4d35-aa64-a4c28452baa8,64273
68071-1651,55e1f68a-836b-5c23-e054-00144ff88e88,64920
24338-134,b455bbdb-a3f1-470f-aa5f-ed83ac2e228d,43233
10596-340,92deaa34-f2c8-412d-98d4-4c5d8fcec03c,137282
76554-006,b8ccf578-f618-7ef8-e053-2995a90a5766,122426
43063-553,f5bbbf87-f059-4bbd-aea9-27d31462654f,58726
76144-192,ab9cfccd-43c9-61f9-e053-2995a90a7ec7,140245
34645-4059,eb30e5de-9074-4760-8e92-e1d1c127227d,124344
63629-2287,5e6ced5f-b8ef-4e6b-a7c1-730bac650c5b,36405
42291-027,feb9438a-9cbc-4855-e053-6394a90af15e,71149
68071-4894,88f1d6b8-c2aa-1eb7-e053-2995a90a4be6,33675
43405-006,d9a93daa-4e24-6690-e053-2a95a90a147c,144805
67877-438,a8f95207-b259-4f50-87f2-3652d9268890,19453
21695-953,087ae128-1a5d-406e-8bd3-15cb640f6922,3539
69197-394,002052df-83ac-4efd-926c-b60a8f64cec4,91723
49483-242,588c424a-8dd6-417e-8f76-2ce0cc2b0c12,91967
69521-041,616aa460-7857-9f4d-e053-2a91aa0a5d58,11219
71610-398,9c627ec3-d1fb-4d60-9adb-6a5be26f0bba,22322
51672-5281,e417856a-b760-4626-bc34-8e4bc62c026c,48284
53329-842,a964cacc-2f35-4866-e053-2a95a90a267f,142740
43066-090,11cb37c7-01b4-4223-b2ea-a3695639b80b,55111
63304-599,215516de-ed61-4b68-bf61-db15fa4f76cf,6288
68421-8100,d9068a54-6123-4715-b025-a5bdb4d5c702,84814
68828-102,446c43b9-b29f-4c9a-bdf2-1844571c428f,108375
76281-315,0163af5d-5256-404e-9195-624c4ffc8087,91276
41167-0938,8d7faeab-ac70-472a-acbb-de67493718ce,112118
31722-046,9261a9d6-f772-41a2-ac99-8608c04c355b,64632
0363-6150,8745d9d8-640d-4e3b-96fe-d25032c1e3ce,131392
0378-5352,5748bf23-ac77-4594-8a4c-3ffd15835e38,40964
73333-059,a5402b73-4fb4-236d-e053-2995a90a1b73,104824
0113-0096,77088392-546b-45e4-83e7-7e3117e59a42,94882
71335-0537,aed4f6aa-cdfc-4180-99d0-de71bf587264,59719
62191-402,dd1ae718-d131-456b-a2d1-f34c42d62fa8,137744
0173-0565,f8e0d8f8-cb73-4206-a484-88f5c4fbd719,40943
21749-824,2cd23a00-7475-4887-9afb-bdc251c98949,98858
0093-1025,51ff7db5-aaf9-4c3c-86e6-958ebf16b60f,53628
70518-3424,d0ca85fa-8b80-4a48-a1a4-a1c181821c39,64744
64380-933,a8817f22-8478-49b9-8354-ab27ca222c6b,50134
43353-156,be5f4eed-742a-4257-98ff-633111dc877d,6860
79921-202,36fc4c5b-bab8-426f-8c2f-388743cc7488,139164
77267-002,a53eaa99-3c3d-01a9-e053-2a95a90a7ca4,118855
0713-0704,fab011c0-6924-653a-832f-c5a9261790e2,7670
69238-1505,c7d079fb-507f-436f-b794-2171b7d97067,36862
21624-001,9a84e50c-504a-4e7d-8595-ebce7d78d127,47274
0093-0771,99e0e848-f8f3-4b42-b880-8fbc42633948,28754
71335-1456,9e3bffb9-f66e-4c73-befc-e60d769f6610,26083
50090-1795,5edc5d32-43d5-4418-9832-40363a919edc,40727
69509-058,7379b7b2-13de-4951-8593-d0d988991507,58557
67226-2845,c7f05046-3641-4d7b-8399-f5c7c3e9ed33,117019
45865-860,20c699bc-0cee-5984-e054-00144ff88e88,8437
70518-2626,beba3da1-e80d-45b4-9bd6-3ed85c9482f3,59969
64380-970,90a46849-5b75-467b-9bc5-8f192d4d20d2,28343
0067-8201,920c8898-e222-4b91-afc5-04d25317ade7,101187
77267-004,a6455581-0280-48cf-e053-2995a90a26c1,105912
71610-217,d6a1df2e-c111-4ee7-9d56-469db19b7c60,48305
58274-006,8b3e7a02-8822-4925-b011-1d45f4a3540e,83502
0527-1382,b0442dc3-7f06-4f67-ab14-f338ae5173e7,25030
0378-9104,e98a2692-1cb9-4994-98d8-1d8d9ef1a256,12995
71014-021,fe241762-4236-4fbe-bceb-e2dc75a23bcb,109703
71101-011,cea6cdab-28a5-5bd0-e053-2a95a90a1295,134063
0316-0232,7b303360-cbca-8233-e053-2991aa0a902f,144436
0143-9203,a24ff5f2-0a9a-4222-9135-1d4094ddd2e0,19750
72197-031,acdd69e7-1225-c813-e053-2995a90ab4b1,112165
68084-105,ba039e48-7bde-4fc5-bd39-8c9dfa98fada,38224
68400-501,75b0515c-f3ac-4ee2-b818-595c233f1cb3,56737
16590-254,33bc102c-31a3-4fd9-9702-c1193d7699a3,373
0781-6136,91950983-4884-40d1-abd8-bcc953d61b7f,27921
69715-100,867efd8d-1507-4543-afdf-d717102330f6,88873
36800-388,b5434599-5485-4949-9d76-b1ef3ad17c1a,97571
69097-939,76c055aa-d96a-42e5-a670-1db63b9c1dd6,68413
30805-015,a35ad6ce-700c-5b42-e053-2995a90a7da6,102601
11822-1630,13618054-d0c5-4190-b626-e7e91b855738,146257
63304-223,e6b1c980-bb0c-4805-8e0d-9f8f8e9bfdde,9760
74004-137,a3bbca4b-3136-69f6-e053-2a95a90a7c77,117197
0409-1109,de1c2dcd-295b-47ce-b7a1-a8be59939a54,42575
70934-139,795f1b00-cee3-1765-e053-2991aa0a90cc,19659
72189-347,dc9e2088-e11e-7d32-e053-2a95a90a2995,63783
63629-9530,f3c0cd83-0a30-4d16-9516-407d3e412f62,67436
68745-2109,7636c493-0c22-48d2-abde-ce84acb35b37,135975
10866-0090,5c63ebaf-c26b-2b92-e053-2991aa0a3a21,20690
72485-110,2bd238d4-4657-4341-9c28-1b468b8f3bf8,22165
0409-3178,2f94f711-14c4-48ec-c5a3-c5ec4b8e8729,44719
50090-2058,19843a3c-eb6e-4522-86b8-6804b700f426,34488
71872-7167,8efd638d-0fc5-1678-e053-2a95a90aafd2,16177
67938-0938,43a0d4b3-09d0-4b3e-b656-1817e480fc31,83222
0113-6011,9d87da79-e681-444b-b7a1-a1587577c9f2,147180
42571-130,39c8f172-9dc6-4adf-8e7f-4d1cb6940926,56719
13668-016,6ab24168-058d-496e-9023-da8ee6353eb3,27649
58443-0513,d590d945-eb95-9749-e053-2995a90a09af,141397
63323-358,e76d8d83-3691-451c-a32c-d91448c54d16,47417
70186-581,3277c5f1-9023-4139-b38d-60c9af54cd03,118203
70710-1069,5876e062-e604-42a7-99c3-5da30b8dac06,29012
70868-910,cf931001-95bd-4900-98d5-f5ef54b49d99,31818
78048-001,a60d0b61-d166-0fad-e053-2a95a90a6707,105612
68071-2776,e2ad2dae-311d-7b9c-e053-2995a90aa380,64849
60760-550,8258040c-4988-fb63-e053-2a91aa0a2cde,29074
69968-0268,48bba584-b27f-4d92-b6ea-fb49fe8c3489,131941
21922-031,d33829fc-86df-4e28-82c3-9dbcd8a9e28d,57433
43063-679,355811f0-2885-0d49-e054-00144ff8d46c,52919
70518-1094,87045b25-4d54-44fa-baed-1aefdad98574,38037
81428-072,9499fde0-ec1c-4880-b83b-62bc78686d99,145377
64725-0994,4890cf77-8da3-46ae-b6f6-abea7aae6b4d,7519
0548-5632,ab8118dc-aca8-478b-8290-a468cbe36ae1,13178
63187-747,81a8b199-524e-40e4-898a-c485cbf8bc22,28442
71995-000,c4e4c228-a218-442a-e053-2a95a90ad6fc,127626
0363-7390,724554ab-60b8-46c8-96a8-a98242604e3b,139188
70199-003,4a5d81fc-ad25-4c3f-a91c-93fe334c02e5,20673
45802-001,0a6bfcea-7deb-4ab2-bb6f-abe21abfa1c1,124782
55221-0001,5a682bfa-eeaa-4e7e-bf75-f2a67ece957b,951
82749-002,88e6418c-ceb3-4bd6-8765-b476d8bf3ff3,149769
53329-797,26e10080-d389-4994-e054-00144ff8d46c,133060
71338-137,4bcc2415-2408-6f29-e054-00144ff8d46c,133373
80698-798,5bf577e2-5e5b-497d-bf50-4dcd6662d632,118746
12634-529,792c3767-f660-4d13-89ed-c69e925f2232,315
58503-079,8ba93ad8-62de-4470-ad63-199f0646346d,95292
47682-620,9b28fed0-a993-ca72-e053-2995a90ac7fd,126850
10544-565,c4c5fe65-b476-482a-8e53-36f7be4748dc,7998
53603-2005,5b6776a9-9175-4b1d-9713-dfa0411bad77,79737
55154-5102,d32d074a-f1b6-4a9a-8e10-e19f0e67c61b,39047
72572-481,4408987e-690a-41ac-9677-e24604fa9793,36034
0135-0574,2d74e5bc-1f10-4fb6-9258-cd906e360013,110530
68788-8260,239f7ac8-2a54-4e4c-95af-f74ca29dfb13,69419
51167-785,0ab0c9f8-3eee-4e0f-9f3f-c1e16aaffe25,72425
0363-0122,9575213f-64ca-47ac-b2bd-01f973af910b,80983
41250-743,f759b0bd-e51f-4bd9-8793-3643fcbf5aeb,97585
43598-074,12e45b43-eca2-73f4-1d68-07d4238f8c70,137766
69164-1001,d8b7528c-932d-4580-8d65-68d398e37aa3,89853
77034-002,ec5c3826-154b-4c90-9db7-92228e83c3a9,111684
67046-171,5a084ea4-cafc-ffed-e053-2991aa0aa0d9,10498
74925-275,abfd7c66-c628-cf58-e053-2a95a90a9276,111446
82376-6006,2b6abc4d-3596-4411-a9f8-77c338c99a5d,148524
0121-1298,cdae2baf-9a9f-4672-9694-bb2ec909003b,53873
67877-655,830df993-db01-40df-beef-90af6b86f561,25389
59078-108,2964e6c5-6ce1-3052-e054-00144ff8d46c,83947
77978-005,ac822c55-b3eb-2601-e053-2a95a90aef17,111833
21695-535,347c802f-4ea9-41d4-80d6-e4a183f22179,2159
72785-0007,9a6dde83-1c6f-48ca-9451-90b5f2c8689d,24690
41163-575,ed13ad68-189c-4eb2-b1f7-e371b8db865b,127184
62932-221,b78b3e97-e3b6-59e4-e053-2995a90a580c,119865
58411-182,925f5739-f80c-4128-a686-42bb3ef212be,91835
50090-4475,c3f91ca2-6e60-4ac9-8fc3-706882b591b0,34867
81497-700,ba5e04e0-75a6-078a-e053-2a95a90ae730,122015
64778-1373,8f73af62-6124-4bf6-915d-4b913add7ad1,2294
21695-732,d709812f-e958-4065-a447-c2c00ddd7677,2396
79505-007,aa947a5a-ffb6-418e-e053-2a95a90ae51b,118783
68084-917,03985e4c-20c0-495e-876a-c95300507c11,29647
72288-295,a19798b3-1b2e-4e4f-b595-2a156bd52ee5,146763
49967-893,a31dacaa-738d-4da8-95b2-4d737c526683,99018
0363-1012,a1258f0a-24d2-40b0-8f44-06f2cafd7d26,135178
70281-633,8f7ad950-075d-6b22-e053-2a95a90a5fde,94719
61958-0501,a60adac4-57c2-4089-aefc-1a77a48676fc,53544
68078-015,78c86018-20d6-47be-a8bd-951bd13266c5,91072
0409-1256,b31d1308-28c3-43f4-e0a6-2f3ed76b8975,49737
49404-154,f06d8f90-f3df-6d76-e053-2a95a90af1f8,148619
70000-0249,08a0b7c4-40b2-4571-b699-de68bca81d17,100599
76282-706,a88edb00-2189-4c8d-9dd7-9fe1571775cc,51343
53675-158,153c3440-ef79-4188-ab39-5ed51f5cd8cf,97401
69279-241,5245b855-2a5c-4cbc-8523-c3dc317b53f1,86441
73902-0018,a63eb2e5-293c-511e-e053-2a95a90a6d72,105902
73549-010,abfd98cf-8c31-2bed-e053-2a95a90aa124,111448
67938-2018,71ea50a9-8c43-4ac7-8f3e-3b5e8733cc3b,79703
80425-0219,f175496a-4ad3-ce0d-e053-2a95a90a6613,67689
75341-001,a356db3c-0758-7ea3-e053-2995a90a46e9,102671
51407-721,f047077c-2ac7-30d0-e053-2995a90ae429,72376
72285-002,efff7db9-f4a9-4ace-a5a2-0c9dc8929906,103445
63187-518,969acb29-3b5c-47ed-8f7d-a960a24e72e3,31226
0228-1422,87beaf22-593d-4170-bb58-332c615ef90d,48715
68180-545,09140e74-c5ea-4c45-a5b1-e6f7f9ee1a23,30204
63629-7821,7fffdbd4-a816-4fbe-a885-1985a351db13,57616
80499-100,bda861a1-2e25-528c-e053-2a95a90a985e,139983
50436-0216,d1324ef1-073f-41bb-a4fd-403f3619958b,39045
10477-7603,68628b3a-2525-46a5-8d0e-253f45ace22e,133950
57664-509,52bf0f9e-e6c3-4dd8-921d-2e74605e07d1,10669
0071-5212,80e9d61d-9674-4ac4-b84c-79a875d408dd,52362
10542-012,06508e37-5ae6-4a17-bf60-b3828c6082a7,17569
64048-3333,d496ad27-2d2e-4deb-b005-f023668ad486,89740
70518-1132,1dbac120-d4e6-45a9-b950-3d82aa7a1271,65626
50804-156,cfe9be26-e4a4-413c-a602-2f5948e3bb7a,130794
72496-1124,b8b9e71c-1cd1-c417-e053-2995a90a6dde,124126
0487-9601,f12043df-f9a3-4edb-88f8-dd176c1a141c,31116
0311-0710,4418b335-80e8-1395-e054-00144ff88e88,96339
49938-107,6f2753dc-5f0c-4f49-9335-e519afb69ba6,11062
70934-913,ce3cb14f-cb12-f6e1-e053-2a95a90a9aa6,55069
0527-1222,88b7952b-b58a-495e-aa19-d3392d2e2759,20695
75115-004,7d43593a-f124-4d5a-b6d5-9055aee83c8c,136463
72189-112,a7e7c1ab-3e75-1ff8-e053-2995a90a7539,24423
65841-722,adb67d38-99f4-44ea-b2c2-b472be7bafc7,25256
67510-0054,b6f8c7a3-9624-469a-b184-3f52c8908c31,117144
60505-6231,0422fe47-c372-494f-bac2-612f550b44a4,63042
79374-140,48018a4b-5ee4-4d3b-a992-9d1eff1f66c3,109423
71205-935,f16ecb50-e54e-43e1-8789-eaf5bc94f332,34907
63629-8164,e86e873e-b486-4501-96eb-9c7e7f177590,16255
72789-056,cc15ef60-6956-4d34-b86d-72cdd0c0c0bb,52054
52685-369,00b5c295-47e0-494a-a1ae-f3b438a50121,77051
44567-710,f4797359-d4a0-4967-86d3-d348518b3fe4,5355
12854-432,e67ca186-4c2d-2141-e053-2a95a90a7006,65459
50090-2604,0e4f2c23-d816-4800-beaa-45b75b3eb49a,11495
71335-1599,a17e3d06-c407-4f96-ab63-57ee7c00fc0f,23131
75932-1001,687cd62a-8fca-44b7-8552-19b42f2ab2e3,75098
16714-765,61047c97-e01b-9708-1b3d-849179695f43,59898
68400-703,e1a78fe9-a367-4073-8280-38dacaa9d9e3,59211
51655-475,f3095db3-fd02-873c-e053-2a95a90a5b1f,69615
10157-9825,4ac5fb30-359a-4059-871d-3142860460b6,73875
0187-0772,f3e7ecef-f360-4987-a4f5-933214130ab2,24259
27808-084,d8598654-94ad-4cfb-81d2-9b68e013a428,49668
30142-450,2f1df816-311b-444a-8040-21227016614b,113343
0615-8216,e59f2865-37bd-4247-a163-86856a77bd96,54593
70518-2611,f2eb32c3-3da0-4938-9ed9-ea8420450fde,45036
75191-920,cddf93cf-390c-49f5-893d-12f9bc4f365f,102718
73070-200,fc94baa4-3606-48bc-a781-9617ab6960ef,32991
64380-868,43b67ae3-ac6f-48f5-8788-9ead08376864,31551
70994-335,ae55151f-64e6-ef1e-e053-2995a90ac712,117713
47682-300,47355df2-de67-4cf9-b367-645228e494ce,133372
54868-6010,ee9e95a6-a9d7-43c1-ac3c-c9dc4b390760,807
0615-8267,e243e803-e95f-47a6-a6da-5fed657f4462,14468
50090-4102,e9e6990a-66d3-4e13-b823-ff04d2d65886,37480
70518-0342,242589f0-0c79-4ea1-b900-10bccfec2b82,35379
70518-2659,ddb51556-0292-4aa9-b781-a402c912591f,46146
60760-336,60689b96-cb58-925a-e053-2a91aa0a32a3,17174
78110-000,3fd5a6cb-997a-4e13-bdf7-ff7194f4b59d,116968
0009-0728,05a75685-0af5-407c-ac57-e380c882b49d,49120
16714-985,cc60731e-6cef-44b1-903c-13c6f4a76e70,63702
62559-157,1afff730-b2d3-4e01-8403-97f2ecef3a74,126876
68016-242,ce5bf0fe-7e75-4528-8d0d-2d11b813252d,90981
49999-081,ad7e6eaa-42b8-45fd-aca4-e4b64a9ef20f,15761
0904-6869,8eb85c26-a6cb-4a10-a990-ccc0b20aff08,31803
69251-201,8365e37a-0b35-497c-aab4-f25053378154,46697
58657-701,87f8773b-bf89-4f7e-bff4-8cad117d5776,18744
61919-344,ef9444e9-fc20-4139-ae74-ae9268e44a21,8304
80267-000,49f14d6f-a23d-4408-841c-e6df8301daeb,130529
55319-897,17bd342d-8eb3-4663-88f5-2e7c90254dc7,95604
69230-305,94ed45eb-954e-4241-8903-479269144d3f,135650
70905-0008,dc3271a6-31fb-4b6b-b956-16bc09281fdc,85113
63629-2398,4b81747c-1482-48cf-b8be-9aac6c44215e,34729
71610-168,82203824-c0aa-41dd-8dd1-13cd5063917f,12718
63629-7397,255e52a7-68c2-4f2a-8dc4-46f95d68c568,57265
41520-939,5b88717a-e90c-4e74-ae2a-29270e14a3cc,105434
69842-174,3f05a2f5-b4e9-4f8c-8c3e-1338b4b741ae,140474
67046-655,2e5c6b7f-1d57-4114-9067-79dca009c4cc,1395
75682-332,adca1402-37a0-0a3c-e053-2995a90a9ebd,115193
72562-211,cb825d2c-6333-3c1f-e053-2995a90a78f3,131793
42217-206,27b01a94-e56f-4949-afe8-5ddcda282093,82566
65162-157,28262843-b0a8-4ca7-8b92-41b7f0e896b4,52250
50563-137,f5a04652-2e3c-422e-b2cb-a4600ef20afe,79542
69772-980,1663d00b-77e1-56fc-e054-00144ff8d46c,82818
33261-728,beab3768-51ba-4717-8e02-9ea64b5f324c,6366
61755-027,f5bf7a31-7e17-4a94-805c-d231ea458fb0,60542
41250-887,a9691590-629d-7e56-e053-2a95a90ad5a1,109729
31722-273,a1064f8a-90f5-4c66-9f3c-cd5f17260eb9,3080
53185-362,91e1fef2-0e9b-4553-92f2-ddf219990695,125438
59556-850,921b7b7f-3613-41a0-b626-5d7c0f17f7be,87370
58228-2261,0072f8de-fc06-d529-e063-6294a90a08db,151737
12022-018,d8f9afe8-bc44-41be-806b-b77d2def0fb0,96688
42507-554,8cca3d39-1df2-4e83-af2b-1f6599dfb27b,83624
50090-6331,03321951-e338-4955-8622-0f5ea29c6cd9,67769
50090-0259,40d864dd-ef49-4b05-883b-265a492b4d9c,33551
0006-3917,0caee228-12c7-437c-9ea6-06b4e51722e1,48876
77441-1011,adad2143-cb01-b00e-e053-2a95a90a776b,140979
51325-200,4e666f5c-5c3e-41b4-ba33-632c78217b4e,74444
24658-802,28109dee-3e5e-492b-b7d9-9ba46c0b5324,68828
58443-0333,a60287fe-4e4b-8ae6-e053-2a95a90a49e7,108145
0009-0302,d157983f-4794-400d-a3cf-c515d0c24b62,49392
58503-028,136df92e-d5b5-432b-8865-b30c037aa295,95164
16714-915,98872c0b-17d3-f5fe-b9a1-e8e7c8cb196a,54735
51389-115,4f514499-3a45-48d0-8b80-f2f0f64fe5b4,77445
0228-2856,f0a41ead-e56a-4338-91f0-b084b938ee80,47618
82501-0067,ad9763d7-2f23-43a5-9bdb-2068a9254bbb,150534
53002-1338,81643e67-d6bd-4caf-a2d5-4993eeecd9c8,29211
0363-7211,54f9feac-f302-4000-8a43-27cc4fdebb4f,93841
71335-0090,38694974-3dc6-42b5-bdf9-b5354e35330b,51774
70710-1153,dbe85bdc-17a1-4201-bf48-a52e35d69b68,61257
68071-2074,c6027cde-b9fe-e593-e053-2995a90ac2c1,41307
41190-326,7b6b2177-010a-4b4e-848e-f47bb5f88b32,143502
68788-9551,f89bd1dc-88cd-4aef-a7ae-6310f38a3423,45001
77994-100,aa6ddf32-5568-6609-e053-2a95a90a2002,110092
13985-918,133b5e91-7f2f-4af8-8536-c5ecaaf56017,118735
49483-011,fe12519c-3e5f-4592-bd34-2d6b81b981f4,136526
70771-1057,0c729939-d2d2-4e61-acbc-4f1646dc38c1,54250
76420-589,9c44af6d-8a9a-cb4c-e053-2a95a90afdac,73076
55319-968,2c431220-c61b-4ad5-9ad2-58ccaee2d1c3,151763
43598-296,ceed457b-8f43-4021-fd70-071c96e09470,23292
63629-9155,c01d4d6b-e030-4b8f-aaa9-4df0f3f8fbda,63927
68083-377,d670bd26-8a44-44be-90e1-107d4c380233,17290
54868-6375,44849ca6-9828-4168-8e3a-7ffc2045fbc6,5271
81177-111,b9961364-2e0f-1b83-e053-2995a90ace3c,121862
49348-529,5c1591f8-9291-4062-8ba9-fc9507963d93,94958
21695-114,49860a2f-92f2-4da8-b78f-0efc005d725a,1770
0280-0001,9b8da147-8d0c-e6b0-e053-2a95a90a35e6,125155
76383-034,a6d85f16-3472-350d-e053-2995a90a4e5b,106448
70415-511,de9ae2e0-9b6c-4173-b63c-38ed05086489,139827
54868-5843,9d008401-4746-4dc5-94ab-4462f959fb73,5603
63090-340,1e6bea44-57d6-4bac-9328-46e1ee59f83b,60802
47593-341,0e7ccbbe-0cda-4d8d-8ded-4b259ead1daa,86938
30142-125,72243b08-47cf-4db3-b834-b762b7f0ccf9,129587
78036-001,a6b281df-665d-cc94-e053-2995a90a0da6,106313
74133-101,227fb016-d240-4bb2-aa4e-abb6be8e37c3,101298
69259-1603,0f3a9b6a-b1b2-4d69-88de-6f22c17a4844,98932
55566-1020,0b675429-878d-496e-85af-9e46201a10ea,36249
70000-0465,22efdf17-92c7-4670-8470-4f99d24ce7de,140467
70518-2988,c14b9365-737d-4f31-9d00-3076aab03f22,138840
70242-125,7d83ee8a-7616-487c-8022-411a090e1894,84501
64709-101,b126d10a-256f-4ed2-af83-792bbcaa57a3,100738
16714-570,ce15ad07-3286-478f-9f30-1db6a45ed402,66614
0264-7578,d12cc802-b538-4065-a264-f474ff3b3043,17192
64942-1445,8d4f4ceb-dc5d-4efc-9a73-8dbce43f925d,85147
50436-4622,7ea9b761-4b07-40a1-9b55-d25343e8b024,15560
50410-120,bd378a67-e7af-43f7-9796-416ee0b05fa0,91297
69256-166,b04c2ae1-1a03-42d2-86c7-592dcd13018c,88200
77583-101,a6edcc9b-6696-c906-e053-2995a90ab978,106529
60637-002,987412bb-162d-43ad-8e20-187670192977,79839
10590-0001,92c95e04-39af-4339-81ba-b704612afc10,54732
74934-056,af4aff31-516f-e316-e053-2a95a90a57eb,114134
74416-002,38a53691-e289-466f-98a6-935b96532ad7,102914
50090-5847,b81a8e64-ae41-409b-94a6-b36cb50bc25d,58865
55513-399,9c44bd5b-4464-40a4-8933-8680950f00f2,72705
22100-014,29ef25d3-f309-4c77-9ded-6dc9f64eced9,75425
68094-005,f849c7cc-fa85-47eb-be30-1be137913bf9,51736
49527-049,4c40047b-01d6-4221-a044-9f884519bdd5,129349
59088-315,a12715c0-77f2-7716-e053-2995a90a06d3,101102
50154-0040,7f399c03-d00f-4327-a485-e5114af5b8f0,73352
50090-4769,768038be-fe0d-43a9-93bc-15e3ec7b805d,39622
47682-850,692e09bc-2842-adb9-e053-2991aa0aec49,131299
46122-110,7189a96a-2384-40c5-aae5-6b5205ac2f3b,89328
30142-402,1b78bdeb-efb2-4f5a-af3f-d67d82090847,95971
43596-0079,226d4487-aa0d-46de-90d6-855783d5af43,90465
53808-0882,0a07b11f-dfad-4976-b979-287d7a681e69,6662
70934-985,e2c1b4d3-7fd8-d494-e053-2a95a90ac0c3,64905
65162-891,ff41e901-5a6f-4ad5-be8a-a68eae787e5e,27311
0615-8029,5f7711ec-80c9-4c84-a139-ae2f7862d646,53636
69539-015,993bedd3-2f7c-40ff-87dc-8a55c6c7a3c7,25450
73240-004,b9cfcc8d-c3f4-d253-e053-2a95a90a31b3,145825
73517-949,e4f7192e-40a1-8aa6-e053-2995a90ad1ca,146674
69097-679,7d93359c-1849-430d-a922-21d42932d0f3,51010
73418-039,7acf180f-7dce-449c-b279-132cb0752077,124721
41250-221,4a010f4a-5c41-418e-b6d1-93a6ce0644fc,97517
52862-621,51c1c699-0f05-4da7-b3bc-9e2b8aeef774,149146
71530-024,5624f334-98c6-401b-abf6-6d3892ea1eff,92015
62839-3950,f74e83fe-41a0-4998-ae53-30ed5af47592,144283
70518-1386,fc303276-7050-4c96-883e-da1f59b14500,38868
75186-008,b1897cfc-24af-1c44-e053-2a95a90a427d,115991
78518-006,e922d89c-4232-77d8-e053-2995a90a85e5,147361
50090-6145,833f3b8a-ec0d-4576-868a-d1412c9b300d,66328
63868-864,ee89b666-7c5d-4f52-9df4-d14b04fb46ae,99068
0085-1194,04d2b6f4-bd9b-4871-9527-92c81aa2d4d0,28661
63187-268,c8020ad4-ac74-4ceb-863e-94da605cf23f,48591
55910-806,dfc4b065-1980-48ec-9c3e-aaa4a42214d3,130916
65321-011,b7f65253-7a7f-4c5d-b1ce-a2d7ce77b340,96459
0378-8156,f201c037-5cc8-45e7-a310-b1f63e1d1d74,45685
72934-2046,874cd0d1-8711-225c-e053-2995a90af24b,15159
41250-477,9551e84b-19bc-43e7-9c6e-0f24fdeb5abe,131168
63044-632,fa1db7ce-a733-4036-aa4b-c4aec29829c1,54788
60505-6209,9e03f0e6-dc84-4709-b67f-9ce0d4da15d0,19972
64679-921,1c747919-7968-40aa-80b2-e2f7d499a801,18606
0536-1096,82a31fcf-b36d-4111-b2bf-6a51a8b6c5da,143992
71610-183,b7e3a98c-9ec5-4c21-9218-0d53a555a75c,12949
74858-201,a36eb4cc-32dd-44cf-e053-2995a90a320a,108511
68169-0094,de199d85-c722-4fa2-bd24-5062788ca62b,86798
0430-0478,24ed00e0-25e2-49a8-97fc-66c1b417dc0b,48376
68071-2977,f98e8ce9-4dbf-2740-e053-6394a90a5ddb,69770
63629-4841,a45d8b77-f13d-41c5-8d50-15152fc6f85c,56116
68001-332,34ebeea1-6812-4697-84c4-b2ae4f39e55f,41256
79203-002,aeaf32fb-cfcc-5a37-e053-2995a90afb15,143795
53808-0214,e2eaf21d-0589-484e-9dba-82b3cd2299ac,401
76091-001,57e2817e-ac86-4fea-a004-57af5fc1dfcb,2554
63931-4452,b9463fbf-5d74-7266-e053-2a95a90ae4fb,121255
33342-051,a04b5622-2c49-4d61-92b1-5dc523af7a24,26112
63629-2517,da94d161-0bf0-48fe-90f4-8e38ae18e1ca,36920
40760-011,a728b328-f38d-eb0b-e053-2995a90a1c53,106807
55910-704,79c83928-28e0-4c0b-b58b-655c8b638772,88265
71335-0325,484c132f-3d3d-4218-b22f-82e9b56cc2f4,59126
69842-452,c705ec68-dfc5-364a-e053-2995a90ad984,128944
16571-777,b4bcb395-0164-4720-9823-967769b4ce67,40932
54868-3714,15732de7-64b9-4c42-897d-89ae1b330192,4899
73423-009,c931b59a-03af-4400-a6d0-2e6b3870ced5,120329
51662-1264,74e5060c-8426-1b77-e053-2a91aa0a1f13,23523
63629-7784,962bd404-62b5-4a7f-8ad4-45284228ac0f,30609
62932-230,b7a000e4-2008-949b-e053-2995a90aed92,119933
63736-040,bf108934-5e1a-4059-9dcf-008f52a83fab,99372
63981-664,5ea7c166-5d2e-4b53-948e-2538f06b14ed,126128
51316-701,f2002568-df5f-41c8-b12d-c079060187f2,150366
63629-2339,4fbb3f39-c856-4da6-90b1-a6749de892c5,38403
80425-0176,d27e4473-6f62-ddfe-e053-2a95a90a9a2c,52411
0440-7027,1e522939-4af2-4a28-b92d-a2435cbbc521,6419
46708-620,6d04b514-c85c-4db1-919e-21dd98172791,67958
68788-8198,78641acd-eedf-4b68-bb18-da0874415f59,64116
65162-416,17b63f10-c9df-44be-80fa-6f1c305583b8,45437
50184-6200,8770fb8a-4eaf-4a87-97d4-7b05f07dd103,74020
63739-014,2ec2afa8-f91a-46cd-ac4e-b8ffa59015ec,35945
83124-001,ee42c3f7-0b94-1380-e053-2a95a90a1d4b,148352
13630-0124,67500b02-6c91-3d10-e053-2991aa0ac295,99673
43596-0165,a18c419c-67c6-f3c3-e053-2a95a90ac23f,122994
68071-4655,7c732db1-8321-82a4-e053-2991aa0aa8a0,33443
59062-3001,6ea89fd6-ddd2-4c5f-ad7a-0da12069e9ba,146048
14783-871,381aa212-713a-4df1-9a0c-1c2d3af86e8d,82926
17856-0574,56fed03f-38c3-4273-8fd7-522bc508bf36,44582
0363-0455,de471db4-b332-0490-198d-d35480272874,99268
36000-001,ecf64245-20b1-4bff-9fcc-b8a16905e27b,53896
72866-029,c01d0abb-f434-4261-e053-2a95a90abd29,125881
73758-010,31861eb2-b5a8-40d7-a3ab-e91208affaff,101301
41520-107,b45218c2-9a56-4541-9bb2-a554dc5a3ace,80599
21839-540,9aa4eb29-3490-7b7c-e053-2a95a90a20fc,98884
0004-0186,841bf769-0148-42a8-a4d0-ff062b4734e8,50574
47781-623,6cedeb24-e7ba-2571-7737-d90da4e666ab,38210
61307-017,a185b3d8-6248-3cf9-e053-2a95a90a18dc,143207
54868-5905,405372a1-83bc-4843-b1b2-bd8ff2f83f87,3640
54868-5732,e525f000-a7cd-4665-910e-cc058360f1c6,4722
67877-266,9f84ea84-2d8b-4d91-a33f-7dfb5df937dc,31228
10544-915,dd933616-6988-4535-96b1-3c26d4432536,9013
42241-002,50df5a35-754d-423f-885c-ade865259616,59617
65483-991,342832b5-1a32-4bea-bc49-ab0fd152154e,80
70000-0180,ddaab988-8c76-4750-a3ae-7b10ba19dcbd,127998
70281-311,f9ce56f9-61a8-4ed5-98fb-31ad2ce76d05,89125
68016-128,3aace6d8-d24c-00e1-e054-00144ff8d46c,89497
69335-003,a216d17a-eae8-2199-e053-2995a90a38cc,101671
14783-819,dc73aa0d-a0a9-4946-9f3b-da0198748a7b,88059
51769-003,89201032-f5be-411b-ba5e-24cafe78593e,78799
0904-6437,0525087e-271c-47a1-8d4a-06b5ecac34b3,18546
43602-423,03e3d1fe-108f-46ee-8b6a-b5cebaaa3c42,67808
62559-970,b9527635-8f7a-4a77-b39c-cdf678cff827,54215
42213-162,b82c4e24-040e-461f-bb5a-9827d0461842,94130
56152-5013,e90fb73e-f0d5-3ee3-e053-2a95a90a3268,147659
70518-2997,39bce7ff-edac-488b-8629-2381c0d0a95e,121804
55346-0402,51f1d84c-809a-4c96-a117-7a8d8aa1e6b4,93179
0143-9898,037608ba-5c96-42a3-92a6-fb956bf2516d,30974
70752-132,59de488c-c3f8-415d-9e9f-9102c090aac8,23649
59490-4190,eec9848f-56b0-428c-becd-4f9c7100faed,31111
72789-152,792db8dc-177b-4864-8600-12823819082d,51974
62756-445,79ad107b-bb20-4ed3-89f0-d7c862f3957c,12826
68788-7215,8e8ae08e-87dc-4209-9363-cb0c7b0c8da3,27226
68071-4505,71c21226-cd96-33ed-e053-2995a90a5269,35634
74334-0000,a22bee59-b8aa-48db-e053-2a95a90a25aa,110762
68062-2265,ff2974d3-39e0-0fcc-e053-6294a90a0f3e,151294
54868-5126,25994fad-388d-4f9c-950e-14b7f8073b8c,235
0093-3425,1bf22e97-9425-484d-bac6-519c6bae6a37,56549
54868-4534,951c6e16-7251-42ed-ac19-d8367a6aee4f,5897
47335-767,0dc3a9b2-2edf-4fa2-a949-459b4218e763,35365
55910-446,4c97dada-966f-4de8-b5d9-e939cb456aea,136699
0023-9537,d5d3df4a-a311-4f2d-9a24-edfec1a6c9f9,122545
43063-997,1b847969-2124-4350-94b0-ef5ba707673b,50522
63539-334,1882f799-61b0-4813-965a-4910c4ae419c,71377
49673-424,a24348da-94f8-4c1c-aa8a-a161c01b5cef,4751
63629-2025,572c42de-3e85-42b1-a8af-8cebdb9153f9,32591
43596-0093,cb22e4f6-512e-465e-8de6-bb93af4b8d00,90844
61703-304,21e8e8e6-3f85-4fdd-8452-c9d14d2ef69a,35704
70515-262,9ec84cac-6ecc-43dc-8006-6ccc029e2707,52141
29033-057,9fbaaa43-6d35-4a1a-b111-e9474f0b698d,72405
55289-720,bd911de5-ea56-41ba-a328-20c8bfe7fe3b,52599
67046-962,366500a0-6e91-4aaf-802a-8966b1c5a3e5,2553
0093-0090,32bbe864-7374-44da-8c6e-e733f0648243,35762
0338-0663,c553fed1-3de5-4826-8eff-633b5923bf0b,53227
0185-5254,fc4a052c-29ff-428b-bdf1-bb079f10c0bc,13225
51662-1449,9bd7a71e-0e78-dae7-e053-2995a90ad110,21723
10967-666,b20ae6e9-de6e-0059-e053-2a95a90a5760,143844
68071-4324,66ffe2c2-ed52-331c-e053-2991aa0af56d,33294
0573-2871,507c08ab-a98b-33fe-e2ac-eb9b9a810d5a,123591
51523-168,1c0605bf-3c6b-336a-e054-00144ff8d46c,83635
71003-001,fe25bc32-e37a-45ab-887c-f0332b6cf990,85429
62802-010,4df56c7b-6ce6-4e53-9be5-df9f78e54d4e,77335
69423-568,c7bc3942-6943-2ea5-e053-2a95a90a42a9,129953
70771-1523,daaa1329-3a3f-439c-b13d-b301daa234d4,22753
72330-800,d2fadd51-6bd8-ae70-e053-2995a90a6213,138226
50090-2372,5a89eadd-3ed4-4914-bad9-030dc70d1f01,12046
53119-575,7c149887-b375-46d4-ac78-4f838464111e,77888
15370-104,b8e08798-d8bb-4616-996b-a2c07a5d730a,11615
63539-051,13839d4f-6acf-4ffb-a128-79df59319273,73101
68210-5018,10143ff8-61f1-4275-89e5-8bd46c662f5a,151604
72490-030,bf786f56-cbfb-6301-e053-2995a90a97f4,124830
69998-020,bc54d281-acd1-4b58-b9fd-d91d9cf0de05,84284
72922-056,aec8b392-197e-06d9-e053-2995a90a110c,124895
70258-320,750f9a39-acdc-4abc-800e-467884a4dcea,83618
17478-419,5046a4d7-7742-4f19-930a-2582cb41474e,59141
55301-608,b5de9b0c-86c2-431c-81d8-be1d130bbb3f,125939
68807-303,9107fabb-4b54-4207-acd5-63b8be57238a,85854
70518-2740,43fba3c6-412e-41bb-a627-0a48e5261a9e,132909
50090-3489,151fd692-a33d-4514-92a6-eb780a1adc97,34671
71321-701,f66a4235-d1a5-d2fa-e053-2a95a90a67f9,149818
52685-376,ee8046fb-f88d-4ce7-ad73-2c3b6693ccf9,77041
0113-1461,620dfaaa-4552-4e14-924b-18540c3e6856,135334
0185-0640,5e3a6976-e6d6-4a3d-87bb-2c716de23506,14600
68151-4374,7633c9b3-dfb5-446f-a260-e44b6e48afa2,7211
24338-080,1a7e4806-3138-4b7a-b798-a99e163ee846,17465
0409-1316,c8c4edd2-ee9e-4558-6b8c-b83adc242a0a,39432
49952-001,379fbe7f-c9b3-4ccf-88a6-e8361a08721f,81862
71613-001,e0ad155f-8afb-42ba-a2c3-c10f27561201,87249
73249-103,8ffb03b6-ccf6-e3c4-e053-2a95a90a6ba7,94755
10096-0255,623733ce-e1af-4a3a-9283-295e3c95f364,75368
81853-007,be2cab92-10e2-44d3-abe7-f26b32204c98,126400
76383-071,a86e2b72-4be0-4f91-e053-2995a90a97a7,128793
0641-0410,7014808d-cec9-4b2c-8eb5-940493e356ab,22868
52644-003,4cf196f6-a726-4879-a4d8-7e0c08c0a7a9,78530
71335-1964,9a8cb289-0332-4835-960f-32d273092d15,61397
0168-0273,58f12018-ef71-4a2b-a6f5-6ec3ac19c353,28
51655-714,db5dd9d2-4f96-25d0-e053-2995a90af9dc,68981
63629-1117,c7def1b5-ed4d-4eb8-b566-08dbab830cfb,25076
56136-429,7bac4616-4541-4298-b3c9-b0317bbc4fe7,115853
69375-006,4dedfc37-fead-410d-a5d4-48a4de8fc432,152227
54622-316,fe165a79-6947-eb25-e053-6294a90a98f5,152310
77716-006,a6a53056-7f13-a072-e053-2a95a90a5c96,118121
70518-0582,08aa41bb-38a1-4679-8236-04942538d4d6,36525
54458-877,6eef83b4-ce4c-462b-bcfa-eefa525e682d,19254
68382-416,36e568c1-11f9-468d-b198-f012104b8967,25807
72982-1901,86091483-20a0-5da8-e053-2a91aa0a6f45,99409
70518-2625,6e1c6209-660f-4043-b6a6-eac5f7665ef9,55944
76577-010,fd0621f3-6919-416d-99ec-5b726fcb0b9b,107747
74247-0007,a34818cf-604a-0807-e053-2995a90ab81c,107665
57627-123,0a506f55-ea6c-44d3-bab2-0a5875c43757,100102
67225-0003,22330f78-f719-4109-b0f9-c953fb5665ff,81233
67877-763,3b415e31-e5d4-4990-8021-78459af73372,64997
42689-010,9c1a5b8b-8faa-4ee0-80bd-853c239bb1c4,43703
50090-5220,e626bd59-dd18-465c-b740-9d04eb48c28e,34898
42291-870,d8b55a7c-4d05-08b0-e053-2995a90ae42c,62787
62932-191,7d7dff9f-2623-dee3-e053-2a91aa0a2a10,110146
11344-721,cffcd677-4b04-4671-8af2-8b69b1fca01f,130057
57627-151,c892e067-5a79-4903-a1f8-d5a9962c1d5c,100151
49035-563,093e0458-9975-456f-8950-8273c8890b3c,123641
65342-1378,e87efa4a-b9f0-4105-9810-d80932241956,75766
37000-865,52232bad-90ce-4f59-8b26-ca4c674df836,138157
53002-1494,556d7dd0-0e3d-4f70-9786-e546a43ef539,29160
68400-491,b3eefba4-0f16-ea83-e053-2995a90aa5b1,142751
24724-030,87b9906a-1e3f-4bd7-9f93-35d20a386315,2880
53808-0994,801e4da1-5459-47d2-b67b-009f0a3247cc,666
46122-173,5fe15468-9619-475c-aae4-52777a08133a,124573
37012-100,630c278f-ae4e-4e71-9cf1-02e8189fde25,78402
70518-3405,a95c18ed-564d-4e77-ac4a-98a9e47df92f,145162
64987-0323,1171cfdb-f263-4983-86ed-8bee56a1d0d3,148928
70934-847,be36129f-d378-2628-e053-2995a90aa934,36756
40032-169,d0f24788-3a28-470c-acf4-2bc5397ae3be,19363
79789-001,ada33c0d-c11a-99f2-e053-2a95a90aaff6,112686
54868-3348,2425f944-15d7-4b84-95a0-6538e843f130,2196
0406-8557,5451bcaa-0aca-4581-bcea-2f9c2a33b260,23891
50436-0096,8fbb2e3d-6354-401d-a403-b2541081e096,12591
43333-493,a62f746c-8b42-1da4-e053-2995a90a3d00,132208
50157-012,f5b0c800-e930-0528-e053-2a95a90a3e71,149572
17575-020,a5a3db93-de47-4685-9c20-dbf0ff30047a,47006
36800-344,01e90106-4f97-4ae4-8d48-3e5adffd716b,93069
77386-904,ab97cc66-dd63-77ad-e053-2a95a90a4503,141632
0003-2327,2265ef30-253e-11df-8a39-0800200c9a66,39818
50268-529,9e7967c8-d323-160d-e053-2995a90a323e,57985
0143-9606,ff73515d-bd55-4eb5-992b-d2138c80887e,23477
11673-900,2f5a9854-e1da-4835-9ca4-556a84428e2f,100038
64304-4304,88cff828-47ed-4b8a-b0fd-4743761efee1,66537
62670-8048,155b1389-95e0-4056-94ed-e6eeefcfa4f2,82382
67877-556,e12d8fee-bd18-4f84-8333-c890f1d132b7,26452
67938-0941,e1274e08-7447-4ca5-a186-e6915246ba0b,83194
82109-121,cffbb6af-5a04-f58a-e053-2995a90a1ae2,145004
11673-707,2068476c-18c7-483b-8e84-0968b2c8a1a0,130956
61360-2037,c9249447-cf33-43e0-b057-c1b25bbd99b3,84447
70518-1483,812ddacc-9562-4dde-8d52-d06ae06e07e9,38940
70518-1462,e0a9ab78-2e79-488c-a9d5-59b109298661,38981
79903-132,0035a4fd-8dd5-4534-a1b5-f510d637f721,146610
55700-882,4b340760-f05b-4af6-892a-fca8cd948fd6,27444
68258-7159,566542fc-6ec1-40e4-b8b1-771eb84b179e,5952
53217-327,a9ccb9b3-4da3-43d9-aa60-38e2baa771e3,12295
43063-915,987786a1-d748-4b42-abb5-62a2f38ef195,53152
65862-626,a8e37688-426c-4290-933d-54a34ae86000,45407
10237-644,e660b0d7-4cc5-4028-bdf5-016b85899728,126793
77755-001,96d22439-d473-4f84-af27-0a2d41b3803e,105341
73663-001,a9bc4b97-17cd-56cf-e053-2995a90aed2d,115251
10147-0882,3bea9961-4d8a-4cf3-8b63-49af2b1fbb5b,49552
76751-711,c19dabfe-de01-2c4d-e053-2a95a90a8dad,138117
69367-188,7e045b3a-f33b-4faa-ab9b-2baec6ff7924,130196
33261-116,41f1e929-7c1f-4b3e-b142-4b7533300ee2,5114
58633-233,ac141a04-3e9a-4641-9c80-b8bdd6a0a81f,79501
20590-001,9a8b2a44-f3d1-42de-94fa-d6876bad7313,108125
50090-1825,b91f40dd-40db-473d-a399-166aeb1ce7e2,11134
68151-2886,cf27cd31-6d29-4e1e-8b4a-09ed797f6571,11181
50730-1404,bee55f17-a3ee-4c5b-b4b4-3e1116c84643,73829
61354-101,ff1df868-610a-81d3-e053-6294a90a7c1c,151245
80969-001,8af4767a-48d9-4c30-a0b9-baafcd19474e,130869
50090-5682,20054147-811c-471a-8ec4-1b2903fe906e,69843
63629-7003,b62837db-1949-4dba-9e2f-714a9f136f5a,63874
68071-4050,56baef33-1dfb-62ff-e054-00144ff88e88,15305
71335-0846,76a04f69-f035-441e-b62c-3fd3c1a40c61,60056
53943-113,4d93a703-c905-4fb3-b772-11c207065d4d,136844
82352-001,cf4c6b70-6946-7252-e053-2a95a90aeef9,134605
61919-605,2823a922-3217-6062-e054-00144ff88e88,22522
10107-240,c453b06e-f9b0-4099-949a-6f5d2a8577e8,120236
80991-002,b32ecc9c-ea0f-1a2a-e053-2a95a90a58bf,116691
69842-112,45ee2ba3-7f95-7234-e054-00144ff8d46c,128347
61722-330,97ba27af-dfb7-4658-8ebb-9926e87a4230,96243
71786-040,8383294c-af9a-4799-bd36-294b73469164,87728
0603-5063,5fbfe9da-26e8-4705-98f3-42acd3d7b439,36548
71399-2855,5dad0e83-ea40-4c8e-85df-e80b63d7be81,128735
63629-9460,a178bb79-c0dc-4561-93df-8f7bd9d57bae,66710
66794-235,c958aeb4-69ce-c3e2-e053-2a95a90a6d8d,54573
50111-917,8a95cbdb-0601-47a5-9b3a-0c3b0629ceb9,48959
40046-0039,a1b22e6f-5dde-48b0-86f2-305b1bc67c0c,75741
71205-416,6a8cbc12-0725-4462-bb71-0b18cefc19e7,22138
0527-1380,70df9c08-665f-4b12-9b11-e5521ebca3ea,14217
70183-220,1a46614e-05f6-421a-b6f4-d6f8760d643a,70751
0067-6095,39f9feef-4bf2-4f10-9fff-22bbb1d8a471,118983
0363-1214,c3b5d9f7-3e4d-4b27-ac34-3192d21ee2e2,142239
69168-272,7aef00df-816a-4ea2-a2ad-beed66dd2fe4,133708
71335-1481,0fdb6713-8013-4cfe-a776-0c1e9414a91c,23298
50383-775,ff6b27bc-2ed7-4292-b8c8-da910bf68167,26781
43063-962,1a3e389f-391d-4f37-9e34-ce3c6f5fe8c1,53488
49947-003,e4cbc1a1-e3b3-4fd5-a019-df05e13a9aea,141404
63742-040,b7946234-562f-47e5-88a1-07393ce6077d,108636
61354-084,e7760899-8b4a-9a2a-e053-2995a90a2fd5,147099
52056-001,ae597e93-08bb-327e-e053-2a95a90a0ac3,113399
54868-6239,fee44162-aaf2-4e89-9f83-2d3a8ff76760,2594
68343-005,714de9d8-ce31-2274-e053-2995a90afdb0,90363
53217-315,299cf1b6-67ca-46ad-913d-5f474ae7b8a0,10115
31722-111,e8990bfc-e16c-46b2-a3b6-9c9c883aa72a,39158
68083-108,81b2f48d-a05c-4301-8fee-761af220d44f,10652
51672-1323,ba17b0e0-08dc-47b5-ae10-4d4e5123161d,20998
74589-003,a48622a2-2fb9-5e76-e053-2995a90ac4b9,103999
50228-162,ddca7d7c-07fe-4df6-83ae-a9c05048b66e,32202
55315-304,12bca56b-a356-472f-a032-0600451c8315,98272
55467-010,a70104a0-1bae-3a7e-e053-2995a90a6f42,106560
69238-1173,20bfb8af-7933-4e5c-a2b5-010659d9125b,56564
64942-1673,8f109574-5a2f-0590-e053-2995a90a29c7,95582
70771-1450,cc45f9bc-4639-4d95-b12d-01f6504592bb,25261
53943-304,972f09a7-2aa1-4b1b-a6dc-2c4578a07803,136901
0056-0470,32d6371e-ba56-4294-b732-6d43627c5c47,52118
11673-258,a9c8ccc2-1654-1594-e053-2995a90aca1c,109456
71872-7266,d1636b56-ad83-4439-e053-2a95a90a135e,51078
30142-220,f71e9c01-59c5-f73b-e053-6394a90aa7b3,149841
73684-150,90e8a597-e70f-4c44-bb2d-2b7f5d4195c0,42939
63187-010,c78f528f-9192-4037-bfb9-ff5718ed26c5,17618
31722-187,1fc35735-569c-4dcd-b6c6-14443a043de5,50721
78433-201,161c2319-71b6-44ba-b45d-c5a191a200db,111465
51514-0306,0f2b43ae-a05b-44d6-b002-ac78fead5d83,79879
61990-0140,8eed2d4d-f40c-02bb-e053-2a95a90a880f,28391
0642-3010,8896031e-7cb4-4376-84b1-97eae5015ec4,3448
76586-108,a7d54895-209b-5e51-e053-2a95a90ae521,107588
77118-904,b980a957-1332-4b54-e053-2a95a90a47b9,121490
59078-138,2a41fdd9-9fa4-4e10-e054-00144ff88e88,83944
72789-179,498f26a1-5030-4f9b-9599-07d50e912d41,56928
75458-0001,a34467aa-2f33-3f06-e053-2a95a90abca7,102665
0904-7058,2df34fa7-9cdc-4be4-ac6f-577122462606,52697
74339-3570,a2a98818-5dfb-503b-e053-2a95a90aa715,101912
65692-1008,864a372c-f3ce-42cd-a600-09ea3a176efd,104443
42858-501,da90618a-5621-4b15-bc48-9dcc631418de,49401
58292-002,64d71408-ba02-4d14-ad81-e97e0c231771,150380
72288-639,130e68d1-9048-49c1-beee-490eecaed2d9,132517
75023-005,aa051319-09f1-57d5-e053-2a95a90adee2,112814
73058-001,52bc9b31-6a51-4593-b453-ea6640b324a1,93751
42912-0153,c3b408ff-f47b-4fee-ade5-5db6e25f4ee0,74433
51191-3015,574dc839-1a61-4f2d-aefd-a2cda65f6a2a,126937
71626-502,19b57e5b-d1ff-4e1f-a94c-91d4a5dda92c,116432
55154-7895,5dc03027-cdaf-461f-87fd-630d382fc723,28963
12027-209,61d08802-588f-1c96-e053-2a91aa0a316f,89138
70000-0515,82ba9a73-60ef-49fd-960f-5ca2bb79555e,133111
24979-026,bb32d681-9a83-431e-9984-a5cee2c94852,12967
74718-0004,a3dcbc46-beef-ad7a-e053-2995a90aacad,106995
61919-003,d92e83ee-b513-487d-b0b2-8287ffd2bc26,23218
0722-7121,bbb86251-9423-40e6-9117-9511ab5fbf63,16580
71942-101,647c15d0-fa50-207d-e053-2a91aa0a9c3e,93869
68071-4695,7ee41cd3-461f-3408-e053-2991aa0a863d,35785
74934-090,c8a872a9-d046-e603-e053-2a95a90a8c7b,130447
71718-002,9c1199ae-c932-4291-b512-c263b9b8f968,89418
71182-0009,86c33a9e-9132-4377-8688-41e5844de62c,150922
68788-9903,098afc02-ac71-4214-9fe1-8b519b173bdf,39978
63874-322,f6b28247-4798-4412-a103-2185a028dd05,520
70518-2596,e6812729-6930-4eda-b4b2-a00ce2d6d7cb,131511
72766-004,ad5f5b29-3769-2ca8-e053-2a95a90a589d,112512
47593-462,3cc1b9ee-bd32-4e87-9062-3cb14db6cb86,87563
82706-005,de9eb2bf-7c32-558e-e053-2995a90a5c83,145663
74997-0007,aca74cae-4900-1245-e053-2a95a90aaf4f,115388
69384-110,1331798d-2677-4806-9b3d-94f1a801669f,146448
14141-210,b56f5883-be57-e0e5-e053-2a95a90adb0c,118436
37012-999,23160f90-6c2a-4d3f-8cd7-419eafb446e9,96857
31720-707,73e6b952-864c-4b07-a686-795e30d47fe9,95494
50090-0845,64aa660d-2d69-48e8-bd0d-4876815d89ff,127006
55146-010,d079194e-93f2-4c9b-98af-bdd10c8ef7b3,105621
77731-104,af0122c3-5f7e-2355-e053-2995a90af432,113900
76150-279,c8eb1ce5-758b-ae53-e053-2995a90a3760,130825
0527-2932,d88845ae-5b7c-465c-982d-8210d37ae190,16031
53217-206,292fea0e-55ee-4f08-ad03-991fe2b4dc42,9860
0071-1205,63cf5651-d52c-4d27-9fd4-ed9cd9724dff,44963
69539-159,2ca3c0d4-e629-4d89-a969-3515a62886c6,42745
50228-319,de700ac1-4048-467e-abb1-238953261a97,41647
64679-720,81661cf9-430b-4f66-88fd-2cbd5b114e3b,11094
62670-6243,8af3f389-2fa3-495d-86d8-1e90c38b9b7c,138704
50580-450,1e528f78-0ced-4a06-935a-84056c921727,133643
54868-4917,3e694bf2-f25a-4762-8b56-306413d6b8ff,77145
71335-0078,0653322d-70c6-45f7-a9d1-41efee1d7387,61281
59779-644,3c55009c-4b3e-135e-e054-00144ff8d46c,135114
51345-050,af7767ba-b49c-4bbe-ac5c-a542de7d964b,77525
49967-422,39e94e53-c34f-46f4-bcf9-e4d5f7a61380,88392
70934-398,8a8270b7-3220-69ce-e053-2a95a90a7341,22228
21695-450,dcb552c1-310a-48af-81ad-a74530531dee,4442
70540-020,313dcdb8-afed-4b97-891e-e14bfa5e5b1f,84262
29500-9815,4d63327c-ec6d-433d-a983-06a9bb4f9cf6,90218
74243-001,a22aca56-92e7-29f6-e053-2a95a90a67af,102130
81813-505,c24dffed-8b4a-d92e-e053-2a95a90af3f8,146524
70677-1001,97ffb6fd-5670-4783-b805-88fe9e43ca96,151331
62135-555,2086bae8-7c3c-4663-93ac-c86407c524c2,66296
77509-065,a5f013df-2ba4-a813-e053-2995a90a2966,106520
73166-104,ac8fcfef-82b4-d5a0-e053-2a95a90acbbc,111860
72578-111,3c393b41-9423-4ea6-8a79-0cbff0693471,65880
13537-751,fcc5613f-fbc0-4e6b-970d-90a37bde21e1,84986
70518-2368,7920fa71-9edf-46df-b1f8-4020d18b6547,45092
43353-493,ba41b963-ec4a-4421-ac93-26654876a6be,4845
17271-107,7c173111-11de-4585-af06-b329fe029036,129076
11856-0025,227d52d3-7000-05b6-e054-00144ff88e88,83686
75308-4302,a45c7cc2-2213-0acc-e053-2a95a90a01a8,103833
49715-011,2836734d-bde8-4e12-89e7-2ef429e12906,76528
33342-176,5ff2cd9e-a579-48f5-845f-c37a68372a34,21195
63187-173,e7542d46-2586-4225-b07d-2633116bfa0a,49224
68462-229,50fcf452-2d21-493e-a1dd-0c6ea9ac6184,38123
83008-012,f66a529d-ba9d-4c8b-b58e-8fbcbcb8a11b,71220
10956-791,d917dd8c-ee34-4ccc-b192-cafafc73ce22,75023
11090-258,c611a0b6-81a4-f5c5-e053-2995a90a1c52,144187
68382-001,a6bb4f0a-1555-4550-a7a4-99609674b1e7,49106
79903-103,6900fabc-2299-48cf-bbda-c92649cfd0e1,140197
41366-053,dceced03-eeb8-fced-e053-2995a90afd5c,145306
78137-001,a5f0d0c6-dc6a-0ae4-e053-2995a90a29df,118696
72162-1390,db024b9c-681f-4503-9fda-1eaa1add4746,73037
86050-4700,02782c71-f41c-49aa-a9b2-2bc589196f1f,152170
23155-003,a04eefaf-ba3c-448d-8ece-4aa9ab2e3508,55972
54726-0500,74a93fad-c707-4b67-88da-f56d04c57323,75189
43063-060,7d766cf7-a21c-4eaf-bbdc-00f2939ef19a,52546
64406-020,2d74414f-6b83-4ea2-9a95-3cecabbce774,62684
68968-0172,685eaf44-5944-4f38-afba-0a4fc0b3462b,56733
51660-204,4e98dd9f-4ab9-4d95-95b0-799ce217da70,93444
72839-507,013d6107-e3b0-0264-e063-6394a90ae1e2,151644
79774-004,999c15ea-37c2-48cf-8c72-9669f5054bda,142987
71288-807,f2096e12-cbeb-4084-9132-17c7ef46b7b9,57456
77142-008,a4ebd821-8e0f-d8da-e053-2995a90af64b,127102
67091-124,78105aca-fea7-449f-b7b2-a996664c2230,135432
50804-113,32c04f3e-59f3-44aa-ad92-672444982710,140470
55154-7146,e5bc696e-040d-4d3e-b38c-9548a38fa936,38316
